crisis_gap_eur,crisis_tau,crisis_theta,full_gap_eur,full_tau,full_theta
3206.3292727996595,0.06557377049180327,1.0701754385964912,20666.44023053348,0.2298249852380435,1.2984061814950945
11601.79156222567,0.15968427443837277,1.190028901734104,22815.095219110604,0.2512812980164278,1.3356150946286116
3606.198116315063,0.05,1.0526315789473684,18199.060782807413,0.2155959731678607,1.2748532207803132
4286.013451745268,0.05,1.0526315789473684,23680.347343201283,0.25198975853002314,1.3368800914206966
12390.27098505292,0.14337568058076225,1.167372881355932,27717.93402390601,0.28070231439960097,1.3902449848219633
11940.974371346645,0.1069921639541893,1.1198110023624706,20195.2564591649,0.2355477937253263,1.3081262527492687
5255.366461086087,0.05,1.0526315789473684,17707.246279411018,0.22412735489123048,1.2888713196736175
1906.718418434728,0.05,1.0526315789473684,13334.741712236311,0.1933146355565681,1.2396406877791126
1165.4922429458238,0.09003312255344777,1.098941098610192,20644.79776276229,0.24109687562064433,1.317691241313333
8957.144101490732,0.07784791103095882,1.084419817470665,18783.7096584104,0.21204356858665172,1.2691057019565304
11126.658821188845,0.13248252810695835,1.1527145359019264,15434.167696871795,0.20257455477293296,1.2540357295913098
3873.0332143702544,0.05,1.0526315789473684,15803.70905475365,0.231244392321714,1.3008035193656586
3253.731524075847,0.05,1.0526315789473684,14608.087496955879,0.19433812671624726,1.241215493944321
2722.3130787904374,0.05,1.0526315789473684,22324.595780272502,0.24168184976355547,1.3187077214071676
4769.186671050731,0.058272946859903384,1.0618788073100351,15949.827086572535,0.22736381326522884,1.2942702104415902
2648.325836303644,0.05,1.0526315789473684,21521.413032817654,0.24589169733657157,1.3260694736659295
6433.273490598891,0.05,1.0526315789473684,18097.33413656475,0.23888916920673944,1.3138690970377591
7963.8965532928705,0.08551641071966276,1.093513335528482,27088.566404718906,0.28872010699723427,1.405916306418227
9721.729676787741,0.08604091456077016,1.0941408821593153,22442.7573515689,0.24830396299990784,1.3303249595286577
9157.745443633758,0.12090909090909085,1.1375387797311272,19382.01521830354,0.2240950633468517,1.288817679538787
3355.6440436854027,0.05,1.0526315789473684,17735.57309455052,0.22797829108209913,1.2953003632522762
4051.0338795809075,0.05,1.0526315789473684,18440.6952713402,0.20872685163487248,1.2637860921555713
4554.3776908447035,0.05,1.0526315789473684,23441.264201271348,0.25990872347955163,1.3511846872476554
1818.7405013698153,0.05,1.0526315789473684,21299.966886277776,0.24355164802519547,1.321967319235177
7740.276995845605,0.1477135980746089,1.1733145075891283,21757.682103969157,0.22757139224341372,1.2946180267770815
2210.772807118017,0.05,1.0526315789473684,16030.033179353457,0.20712172730357137,1.2612276492319427
18625.04448346095,0.2136363636363636,1.2716763005780347,16812.829893516842,0.23676981355664586,1.3102207142251423
2797.8105429699644,0.05776173285198555,1.061302681992337,24296.80225708196,0.27490060159050855,1.3791212655720086
9050.092340461444,0.12867090523766275,1.1476719944405838,22519.910017314367,0.2448962626481451,1.3243213488877636
11667.746600591112,0.14594594594594593,1.1708860759493671,21452.757392982487,0.2591161626402905,1.3497392567824178
10297.23525271751,0.14177292046144505,1.1651927838698266,22247.676300556865,0.24581127045482207,1.3259280612732856
16754.226798575837,0.1338748495788207,1.1545675581799235,21022.697645366658,0.24273224808103103,1.3205368873373131
4470.562075374648,0.05,1.0526315789473684,22879.58225680981,0.2785832677993508,1.3861613618934856
644.1991459317505,0.05,1.0526315789473684,22205.064495797735,0.2329760036874701,1.3037401760668543
7688.96456463309,0.08732309545317678,1.095677994061366,18690.177818116732,0.2092780458647037,1.26466704860062
3530.0041688820347,0.05,1.0526315789473684,21675.222298587672,0.2638375864694763,1.3583958941942595
9026.701946621295,0.11596842744383727,1.1311813186813187,23359.510079824366,0.2683795985472364,1.3668290250166897
8733.725216758903,0.15887290167865709,1.18888096935139,16829.017207266297,0.22231058046293437,1.2858603638908563
17435.130674880464,0.19358741681790684,1.2400600150037508,18647.27651480632,0.2132714344799352,1.2710864252640335
14313.63967199158,0.1620078148482116,1.1933285509325682,21362.87096910458,0.2415561886074539,1.3184892341120733
6932.166803156957,0.07101843457237837,1.0764476252439819,16930.723510048818,0.21445843486630756,1.2730071130352072
7664.368442108389,0.07518115942028984,1.0812928501469148,20798.964232120663,0.23333083149482556,1.3043435696648218
8200.63201713562,0.05,1.0526315789473684,18686.352460585535,0.20323822188888097,1.2550802855662797
3002.5127390795387,0.05,1.0526315789473684,19763.34816648625,0.23721881540731757,1.3109919596849915
9016.899174448103,0.13086642599277978,1.150571131879543,18267.988377505913,0.2547693122009895,1.3418663728857354
9478.167636995204,0.12291855888586135,1.1401449775629962,17800.82756911125,0.2139745462760516,1.2722234315215946
1378.0516991727054,0.05,1.0526315789473684,14152.072720290162,0.17545975597081542,1.212797079634848
10921.349724184722,0.13861386138613865,1.160919540229885,17629.959861368872,0.20493472628932294,1.257758366596575
4804.20865737088,0.05,1.0526315789473684,16786.259776673745,0.20990828043767482,1.2656758389443121
9999.955633373,0.12931293129312935,1.1485182632667128,20008.723570153117,0.22725599990454412,1.2940896336645404
8245.539858945645,0.06642402183803459,1.071150097465887,25195.34357170388,0.257870258608583,1.3474732842873307
3521.4466280895285,0.05,1.0526315789473684,18335.11351710325,0.2191112099777717,1.2805920801751227
3878.362551302649,0.05,1.0526315789473684,24861.162254722323,0.27485538024246164,1.379035261041257
12178.938688280992,0.1267392619479734,1.145133356425355,18711.55103446031,0.2180178220444636,1.2788015228358058
9431.239650903735,0.09921355111917725,1.1101410342511753,17634.281390947755,0.2325940080379999,1.3030912065767626
6013.309459760319,0.05,1.0526315789473684,18845.399438476656,0.2513856137962936,1.3358012061070499
5749.456122350413,0.05,1.0526315789473684,16599.238114194013,0.20589192875887127,1.259274444140932
25396.07068376988,0.20791779993955883,1.2624952308279282,24225.62879395252,0.26332217894681914,1.3574455093141864
5305.715427284595,0.06442831215970962,1.0688651794374393,13410.348868219648,0.19680156822209519,1.2450223511847112
5362.888620696496,0.10212638514525307,1.1137424949966646,17581.576186362654,0.19878093300682032,1.2480981059934166
5319.218616652768,0.05,1.0526315789473684,18436.777766994666,0.20722525074039297,1.2613923449680078
3529.1485774121247,0.05,1.0526315789473684,24268.145360533148,0.24742550882309286,1.3287721172108273
9751.878748875577,0.12102102102102101,1.1376836351212845,19021.704881319776,0.23786611701185859,1.3121054217918293
11583.512927528936,0.13812993321190042,1.1602676998943289,14092.192310413811,0.2098031210635846,1.2655074028462048
5007.826993260998,0.12927641537995763,1.1484700973574409,23102.999390031677,0.24473113254852163,1.324031802574259
8046.891690411139,0.12650966183574877,1.1448323539578291,19537.405496262945,0.27138593823764146,1.3724687080307207
2949.360769922845,0.05,1.0526315789473684,21986.18895939924,0.2239322631925548,1.2885473169052972
6153.961197417229,0.06079854809437387,1.0647342995169082,23983.2262241696,0.27010408059472146,1.370058351353441
1635.784065454267,0.05,1.0526315789473684,20798.510237350594,0.225389857877078,1.2909719943239668
7103.557119524572,0.05590812934421276,1.0592189500640206,22463.06740985578,0.24288726503707506,1.3208072639921569
4557.553167116363,0.08280254777070063,1.0902777777777777,23757.874228142668,0.256509577802605,1.345007239023319
-814.2389460322447,0.05,1.0526315789473684,17370.809025800787,0.21225502838860874,1.269446376730816
4216.669679903891,0.08530661809350333,1.093262529040823,17845.816474779043,0.23231844148563438,1.3026234496699676
5290.7786851967685,0.07484220018034266,1.080896686159844,21690.729235196486,0.20387018693557676,1.2560765638845377
3427.4965105503798,0.05,1.0526315789473684,20748.11553103244,0.2375188391754458,1.3115078134108793
3536.8580044941045,0.05,1.0526315789473684,19667.108232529834,0.24766346291985664,1.3291923902580236
2975.054915098939,0.05,1.0526315789473684,16241.08478524629,0.2315743226082869,1.3013620307357838
9742.815119088627,0.1306306306306306,1.150259067357513,22556.74060294032,0.25430596706937486,1.3410325895594686
9406.21780482959,0.15233785822021115,1.1797153024911031,22246.063610484358,0.2662568202464855,1.3628746782163328
5889.571750101168,0.07326007326007328,1.0790513833992095,18719.96973665431,0.2646266297573295,1.3598534301969674
6721.16452676896,0.07140714071407141,1.0768982229402262,25771.498522072565,0.2703558850258189,1.370531166465155
4580.565664815251,0.05,1.0526315789473684,19235.301499858964,0.23409159946064736,1.305639159063669
5769.371853058692,0.10800240673886881,1.121079258010118,18160.400215232745,0.2535528677007958,1.3396796058681384
5160.5533761214465,0.0802300938540721,1.087228439763002,11138.554833798204,0.15839717560102776,1.1882089401424556
7485.009910226334,0.056763285024154585,1.060179257362356,19395.269014067017,0.22969158327700334,1.2981813235978188
6552.208582850173,0.09445958219800184,1.1043129388164494,19595.22371789068,0.22980880642953846,1.2983789068843907
3987.1712379637174,0.05,1.0526315789473684,26767.695592893288,0.27554081438726563,1.380340010671848
5762.258437614888,0.06363636363636362,1.0679611650485437,17023.258470591158,0.21504670397689687,1.273961145289041
4590.817056125496,0.06690997566909977,1.0717079530638853,17386.878484287765,0.2400314068765205,1.3158438507175523
10928.090309156105,0.1381381381381381,1.1602787456445993,23210.883091407362,0.23973554697819185,1.3153317849142094
12655.498597469646,0.15595776772247363,1.1847748391708364,14159.64312311681,0.20185965431584751,1.2529124801263076
3778.0473991585895,0.07267267267267266,1.0783678756476685,18777.577453181613,0.2536146275749856,1.3397904580458064
3577.9228131361306,0.05,1.0526315789473684,21214.362446838524,0.24602948870724842,1.3263118185954093
9868.423908320256,0.0905535499398315,1.0995699636123057,17195.514695017133,0.23726528685857107,1.3110718350307684
4138.399715546053,0.07254196642685852,1.0782159017453135,18329.93982703658,0.22013365708838661,1.2822710059091953
1966.778869847767,0.05,1.0526315789473684,24148.53345053643,0.26443595611610615,1.359500927641654
9134.847809311468,0.10365669386521609,1.1156439649359406,22689.282068836503,0.2529980870109328,1.3386846574442917
3040.5748986843973,0.05,1.0526315789473684,23375.509267659392,0.2659320949388854,1.3622717913498008
7148.265044119675,0.05,1.0526315789473684,25503.795452411287,0.268677863795905,1.3673864778529325
5171.307686495129,0.07106293285155076,1.0764991896272285,23952.462331694085,0.2719397594855483,1.3735127182517124
4986.457800724078,0.05,1.0526315789473684,25400.06555759255,0.25969592779879086,1.3507962978328822
3008.452751358971,0.08325819056206794,1.0908196721311476,16988.60801296262,0.2216928263671951,1.2848397572033519
7969.519386626314,0.10333333333333332,1.1152416356877324,16597.249707937706,0.20839757896550207,1.2632604113225925
2935.2621601633728,0.10057733211789728,1.1118243243243244,17510.155482538976,0.22409340130892297,1.2888149188149185
2262.825445185881,0.05,1.0526315789473684,21512.75642969692,0.2217871338326702,1.2849954600788907
6782.4385043368675,0.0552536231884058,1.0584851390220518,21907.46223270055,0.24451802615381948,1.323658319614128
6783.943969301414,0.07669082125603864,1.0830608240680184,15807.376516247634,0.20221239814262815,1.2534664585810142
18528.812883710954,0.14598540145985403,1.170940170940171,19641.197865304537,0.22552086955148512,1.2911903764545365
2972.08611480752,0.05,1.0526315789473684,24715.840191676747,0.25136063015890103,1.3357566276700799
9029.95440783957,0.1476754785779398,1.1732620320855616,16748.3949598358,0.21133907705668661,1.2679720408460977
1658.3617462455295,0.05,1.0526315789473684,21564.58342424594,0.24512074019657693,1.3247151607535335
4107.703471177258,0.054905490549054914,1.0580952380952382,19779.26153297443,0.24580149069317866,1.325910867841801
7851.00223944243,0.12209126624357815,1.1390705679862307,17391.55586462561,0.21693513382129603,1.277033414715594
6094.719158138614,0.09463532248342377,1.1045272969374167,18730.432303190697,0.2244828178781605,1.2894620816317293
2959.8710752883926,0.05,1.0526315789473684,19521.040020995773,0.24290596254705224,1.3208398831989856
5812.920676551759,0.09695874736525145,1.1073691230410136,19155.922883072402,0.23890336043711757,1.3138935951344182
3951.832705747802,0.05263157894736842,1.0555555555555556,21381.584878639784,0.22638141966914813,1.292626657922735
10222.822292694356,0.09571256038647342,1.1058430717863106,21406.864788451698,0.2544750061810694,1.341336653084598
3879.7554591693915,0.05,1.0526315789473684,20492.823459328152,0.24656759906767065,1.3272590862332938
1009.5498740947805,0.05,1.0526315789473684,16956.93433531979,0.23448054565058407,1.3063025300250006
8488.190142150037,0.1232670283303195,1.1405981436919903,20839.934164718725,0.2381703053337032,1.3126293277896297
15610.814255808946,0.18471720818291215,1.2265682656826569,25694.66694929218,0.27890717761799305,1.3867840158173683
6073.8245281996205,0.11604714415231188,1.1312820512820512,17058.596327442676,0.2196274907390223,1.2814392974286244
2678.7654986707494,0.05,1.0526315789473684,18208.02159246942,0.24358278176365925,1.3220217307210376
16928.633540622424,0.20452488687782802,1.2571103526734926,23189.6430338379,0.26611415065488436,1.3626097313258618
3127.8981714784168,0.05,1.0526315789473684,23000.944765763823,0.23531464665221258,1.3077274144483173
4159.370866715442,0.05,1.0526315789473684,15677.82456659805,0.2052265532175769,1.2582201935009532
7096.980749213602,0.10448660042155979,1.116677874915938,15782.117204296403,0.2029294319970757,1.2545940599783019
14795.790386478882,0.1603489771359807,1.1909709781440343,15912.714260552544,0.1851650313613112,1.2272423723673258
7438.311250750907,0.07796917497733456,1.0845624385447394,20996.880532648414,0.24038984026742297,1.3164647512772247
17597.68591867434,0.21176470588235294,1.2686567164179106,13445.01802554261,0.18687463809073365,1.22982266553824
3094.490485661663,0.06263173742848539,1.066816575650498,17779.585063626524,0.2236105584664536,1.2880133944438654
9081.589074134361,0.05685920577617328,1.060287081339713,18862.843315082602,0.22394076310691247,1.2885614299282715
3221.232529865112,0.05,1.0526315789473684,19402.005347928032,0.23589380377949098,1.3087186112955114
4025.373179794289,0.05,1.0526315789473684,19792.44649455417,0.2508471197703313,1.334841026965589
11223.8592652902,0.17795844625112922,1.2164835164835166,22789.167869735043,0.23619427528499692,1.309233444634272
8125.819323103875,0.05,1.0526315789473684,21834.822259620298,0.2450769987617576,1.3246384046581923
4204.189015436452,0.07457729468599034,1.0805872756933117,20303.32580776047,0.23301963862155817,1.3038143482614963
5128.862895376515,0.05,1.0526315789473684,22391.065249579027,0.2618684906431806,1.3547721338591316
3885.850479993969,0.06419529837251357,1.068599033816425,21295.788275224157,0.240213521244976,1.3161592473172024
15872.640608835965,0.15143288084464554,1.178457163170992,17479.222966399044,0.22778091871177233,1.2949692959306116
8193.615038366988,0.0806159420289855,1.0876847290640395,16374.853407173883,0.21728713149525045,1.2776077157263859
3937.3519182158634,0.05105105105105104,1.0537974683544304,19182.722699770704,0.20621343390371102,1.2597844845344695
7020.677204679232,0.0818181818181818,1.089108910891089,22193.255627538078,0.23974064228374145,1.3153406003497252
8244.690476776566,0.0892147876565842,1.0979537068097953,21583.896987408865,0.22621974812904813,1.2923565800265167
4215.926661896519,0.05,1.0526315789473684,17695.769699162804,0.23478332915293185,1.306819412197378
3238.929890344385,0.05,1.0526315789473684,20711.540089157876,0.23445820352277827,1.3062644059431894
4848.180491780862,0.05,1.0526315789473684,21017.181674496736,0.23703815674409967,1.3106815351768466
2580.4580791429617,0.05,1.0526315789473684,20468.127649920993,0.22703759795774794,1.2937239862610257
6373.832463175524,0.08553230209281164,1.0935323383084576,21868.999375156127,0.2562402555700882,1.3445201995524712
4757.20777776232,0.05,1.0526315789473684,21501.7088445751,0.205075510766528,1.2579811209040468
8876.66333094472,0.13485540334855403,1.1558761435608726,26611.013345067855,0.27737268403528675,1.3838391905584029
3513.5737498514354,0.05,1.0526315789473684,21378.112625830807,0.2530000175465772,1.3386881171210099
6323.703586257994,0.0971843778383288,1.107645875251509,21253.98236735724,0.21499923892044556,1.2738841152520322
6325.13064117264,0.08077154912597952,1.0878688524590163,19266.747694247868,0.23309398256262448,1.3039407401463747
5729.837099636905,0.1435897435897436,1.1676646706586826,21014.404638894834,0.2606093214122495,1.3524649809083584
3504.468027222436,0.07524932003626474,1.0813725490196078,21107.838042317424,0.2254672913640052,1.2911010585480225
3446.161966510117,0.05,1.0526315789473684,19733.659894128796,0.22811356004197172,1.2955273576957453
2007.3115754066966,0.05,1.0526315789473684,16563.806207059417,0.21146201913271892,1.268169732167042
3893.713723081164,0.05,1.0526315789473684,21868.471638645045,0.22676901797809476,1.293274614249317
5321.747484090738,0.05,1.0526315789473684,19431.735943585634,0.2245422561231929,1.2895609179174885
4370.919175888412,0.05,1.0526315789473684,18612.771175740752,0.21611352946435025,1.2756949349013185
6775.767138600349,0.12983091787439613,1.1492019430950728,15068.570541150868,0.2246776964505289,1.2897861901069287
2758.6060533118434,0.05232909860859045,1.055218640280881,22261.84421372041,0.2379904570894715,1.3123195231656242
4364.504039479885,0.080853621881575,1.0879659908436887,18089.71700053569,0.23786611634188412,1.3121054206383875
7522.268447778653,0.05,1.0526315789473684,20397.103789410554,0.21475730282989905,1.2734916269885128
12517.583099323325,0.17014203686914484,1.2050254916241807,21323.08490374172,0.23739671978331564,1.3112977952518934
6459.538703852799,0.09648331830477908,1.1067864271457086,17166.015886329114,0.21768409969579997,1.2782560083607586
14196.674407383427,0.14981949458483754,1.1762208067940552,19443.81673582038,0.24047784727390512,1.3166172920839456
4499.262703616172,0.11020531400966183,1.1238547675602308,22046.34345599357,0.24121085667437536,1.317889177508781
5295.069697140716,0.10878787878787877,1.1220673240394423,22193.97301857965,0.24257753192116507,1.3202671456742643
2506.422517602332,0.05,1.0526315789473684,20021.188157436438,0.2299945261866331,1.2986920664961128
3854.9906808971427,0.05,1.0526315789473684,20426.55534424167,0.24123781198028252,1.317935996006714
11084.7103863894,0.15776772247360482,1.1873209169054442,16575.802269976586,0.2050579128526355,1.2579532725314395
4031.555919932667,0.08995186522262333,1.0988429752066116,17305.138287044596,0.2252426892986401,1.2907267684828116
9921.474469540175,0.08045977011494254,1.0875,21367.41287498828,0.24794018776894058,1.3296814744473602
4380.903635822702,0.05,1.0526315789473684,16592.964501979295,0.2096879799988046,1.2653230302615004
5656.318198220339,0.05,1.0526315789473684,22470.3215560033,0.28065618362664185,1.3901558298528198
6542.022735342849,0.08723021582733814,1.095566502463054,18531.437534612138,0.23319836811921765,1.304118247045507
8624.906783600338,0.096745027124774,1.107107107107107,23869.9949259446,0.25500366544378256,1.3422884833328532
10755.998004791792,0.11401925391095068,1.128692699490662,17567.68362560682,0.21739718111262898,1.2777873729380418
10229.642640650272,0.17955717318774644,1.2188539741219964,18506.657337545417,0.21983485974986006,1.2817799058278554
3990.0395699208602,0.05,1.0526315789473684,19707.74319824716,0.23071550144508238,1.2999092037841342
19942.859113497194,0.21143375680580767,1.2681242807825086,13796.349797169212,0.19012853763309537,1.2347638439776996
3233.7126064100303,0.08310831083108311,1.0906413612565444,18192.52240921324,0.22559978175895554,1.291321950129841
14338.891912139952,0.17177177177177175,1.207396664249456,16800.510528289247,0.21832227843444615,1.2792996044420808
4726.300618112553,0.058698296836982966,1.0623586429725362,19650.023592144717,0.2204196687982396,1.282741444308186
5839.889694466256,0.07782805429864253,1.084396467124632,21049.63984009158,0.2520193625958566,1.3369330033334639
17731.88913485408,0.1866907557964469,1.229544613106257,17714.181160225533,0.2530466046007382,1.3387716103298248
5827.30668647727,0.09009009009009007,1.0990099009900989,21527.19474369753,0.22336117695366786,1.2875998087213092
2536.6076591284946,0.05,1.0526315789473684,15765.27704496868,0.21875093311639945,1.2800015288197348
7249.874680412002,0.05,1.0526315789473684,15547.717453122139,0.18385703145134527,1.225275519776024
3203.328857724089,0.05,1.0526315789473684,17334.823206759058,0.22665541658714014,1.2930846371056008
22473.297819878906,0.21006630500301385,1.2659290347195726,18420.719011648092,0.21994015051090446,1.281952917657479
3726.209469787311,0.05,1.0526315789473684,14667.917503219564,0.21114849151791393,1.2676657003853709
9818.030569724273,0.1404460518384569,1.1633941093969145,21501.380088375416,0.24469680775787525,1.3239716318839994
9165.332153860945,0.15840096182747218,1.1882142857142857,20535.560612557456,0.22527025601726644,1.2907726955973011
10323.200959955808,0.1348484848484848,1.1558669001751312,20999.289178930223,0.2291707228168398,1.2973041237539626
5313.511171780061,0.11061151079136693,1.1243680485338725,24047.786966915242,0.24585804315745066,1.3260102967706664
7076.340626453515,0.09282700421940927,1.1023255813953488,19340.584495916963,0.2553067535503079,1.3428347910599123
6290.347897393629,0.05,1.0526315789473684,17603.300965915434,0.20418564931322136,1.2565744751109496
7118.190033016726,0.07894736842105264,1.0857142857142856,23340.720277299173,0.23067992889148306,1.2998490973452639
7283.944716831669,0.09752415458937197,1.1080628972900635,19334.112755350303,0.22217645474653427,1.2856386337265409
5189.832900239155,0.08227079538554949,1.0896460469732054,18630.602026576642,0.1921052253399882,1.2377849583453888
3941.004451589193,0.05969696969696969,1.0634869481147278,17830.65229129931,0.25049907866804316,1.3342211751025936
4526.377494420391,0.08844765342960288,1.0970297029702971,20742.596220829524,0.2539113375290846,1.3403232756388157
9534.150421613362,0.1341756919374248,1.1549687282835304,19229.20853022905,0.22184236464340698,1.285086664402833
4698.870234454516,0.05,1.0526315789473684,22047.00017751241,0.25294018791472556,1.3385809058697609
1836.1694446569309,0.05,1.0526315789473684,22818.166261851788,0.24491887168473714,1.324361002414668
2558.037628253922,0.05,1.0526315789473684,23767.39961743867,0.2677395798291232,1.3656343733103105
2749.6042804969475,0.05,1.0526315789473684,19038.182200997602,0.2368212511168697,1.3103090219210696
1308.8627879125997,0.05,1.0526315789473684,15936.404248181265,0.19459722714275127,1.2416147965972326
4945.484502206091,0.05,1.0526315789473684,19540.9676573202,0.239553312238713,1.315016576564946
1926.031098161824,0.05,1.0526315789473684,20070.6647313321,0.21227290993617406,1.2694751933934056
4651.921072854195,0.05,1.0526315789473684,23528.638197333086,0.2606714252231826,1.352578588352103
12773.960986465681,0.1558167570825799,1.1845769368082828,24509.335931438487,0.2679347850587188,1.3659985197906308
4201.37979794899,0.07183648932972649,1.0773963730569949,17173.709167866502,0.21945161977455604,1.2811505671322672
6209.327350809239,0.0914027149321267,1.100597609561753,19976.082853176165,0.21058033882295976,1.266753349554254
5102.072213889565,0.12413585813044785,1.141729581331503,18792.048824324273,0.24406000096044786,1.322856313028196
4295.311436151154,0.0792646172393008,1.086088379705401,21903.902769471053,0.26026760526029197,1.3518402156118539
944.5926967840642,0.07259528130671507,1.0782778864970646,17459.040252754465,0.19800359811062684,1.246888387085232
4018.057291076053,0.07692307692307691,1.0833333333333333,17437.759304268286,0.210196097517568,1.266137071312133
336.0256569799967,0.05,1.0526315789473684,14721.639666783158,0.23105706719639954,1.3004866256510805
11774.821018428076,0.1917270531400966,1.2372058274187523,20918.816562139895,0.2344890799592201,1.3063170933560666
3831.1680984301493,0.05,1.0526315789473684,19370.16570939496,0.2330568586040511,1.3038776227659503
7809.184843477327,0.07203134418324293,1.0776226047417994,23403.82101346692,0.26251535554899647,1.3559604359551345
10101.981409616768,0.11950257810130421,1.1357216672407853,19162.27087399317,0.1926853972469461,1.2386744852500653
693.2118168552406,0.05,1.0526315789473684,17559.417523539625,0.2071562689454155,1.2612825968490298
3644.4718522666954,0.05,1.0526315789473684,17656.23149324814,0.21031753378580265,1.2663317761049986
4856.3636885178275,0.05,1.0526315789473684,26387.208542860113,0.2539643930948365,1.3404185949627478
8586.354101622477,0.1119199272065514,1.1260245901639345,22581.360060385894,0.22610586054617013,1.2921663946256818
3899.2278806935064,0.05741915986702933,1.0609169605642834,21578.109255256597,0.25214741242083166,1.337161917480347
5314.843973576091,0.05,1.0526315789473684,19746.321630800143,0.2334768182199399,1.3045919859563124
7773.303718084469,0.11334552102376601,1.1278350515463917,19626.68878830038,0.24392716825426905,1.3226239034287934
7743.686504917685,0.07736476276820793,1.0838519489027187,15528.93344521476,0.20522309121280402,1.2582147127625636
20422.33044391824,0.2174043962661849,1.2777991535205848,25972.534495849162,0.26226734453096995,1.3555045890766861
3469.6188114662655,0.08182367149758454,1.089115422558369,19762.68349179998,0.22134553073977994,1.2842666927091226
-3333.974086403381,0.05,1.0526315789473684,19653.655179210007,0.24152295123095557,1.3184314563280861
5274.226613609586,0.0726998491704374,1.0783994795055303,18076.218166282866,0.2033132823647561,1.2551985339585408
1597.6703143874183,0.05,1.0526315789473684,23577.606757734902,0.24241355233556847,1.3199813738523265
2301.3297316096723,0.051587301587301605,1.0543933054393306,24375.437398470007,0.23824346308190744,1.3127553903846898
-366.00759727926925,0.05,1.0526315789473684,22808.61947528599,0.27844848091818103,1.3859024249197194
3365.40146709932,0.05,1.0526315789473684,22591.736504568253,0.22263664876665354,1.286399723389871
4974.969920987263,0.05,1.0526315789473684,23337.6111253961,0.23932965174217824,1.3146299212139918
12289.385373067576,0.1478809738503156,1.1735449735449737,16417.697632793803,0.20369865030008769,1.2558059839743483
4314.63355998043,0.06284153005464481,1.0670553935860059,21702.765870415606,0.23588252227260775,1.3086992892430103
5362.351988702081,0.05,1.0526315789473684,21534.536771540996,0.24269607140753136,1.3204738048284106
10991.539715021849,0.11211031175059956,1.1262660364618502,23667.267326049972,0.26206297712917775,1.35512918989979
16007.173315098044,0.18310708898944195,1.2241506646971936,18648.358157244045,0.24558193998582015,1.325525001325133
8808.66819818411,0.08838612368024133,1.0969556585043019,18623.466374317184,0.2136101559767852,1.2716339199956395
4802.924363648985,0.05,1.0526315789473684,20750.503113090526,0.23769492552902058,1.311810761188983
2604.055776785128,0.05,1.0526315789473684,20619.74186920235,0.24438489628941,1.3234251076894996
4264.912880141288,0.09773755656108597,1.1083249749247743,19240.430354942568,0.26185203038098,1.3547419232435598
2253.900515465066,0.05,1.0526315789473684,17690.162169956602,0.20764272847421092,1.2620569482177746
8459.321802778635,0.10429816651638112,1.1164429530201343,20461.39573059324,0.24045581540276273,1.316579101359678
14632.360474532936,0.18009049773755656,1.219646799116998,25088.271010566037,0.25079831789532864,1.3347540774211575
3998.414591017645,0.06853864734299518,1.073581847649919,22184.33447015751,0.26909586128265306,1.3681684738506004
2347.996483352501,0.05,1.0526315789473684,20680.738855868578,0.2300147052209444,1.2987261013691778
10194.645175054204,0.14350590372388738,1.1675503711558854,24255.53340624459,0.26706130216282925,1.3643705850856294
4582.6815253729,0.05,1.0526315789473684,16475.880687722936,0.22668336841508352,1.293131376148596
10100.241991950199,0.1240942028985507,1.141675284384695,19249.221981567796,0.22690109884561518,1.2934955650652307
2284.1298886355944,0.05,1.0526315789473684,17008.45846484974,0.2352647495023504,1.3076420883557447
3011.7557820421644,0.05,1.0526315789473684,11551.247753915843,0.1696130603301991,1.2042578612780745
4641.32475458039,0.05,1.0526315789473684,18720.976069080643,0.21883326098607228,1.2801364293394097
4751.679088827223,0.05,1.0526315789473684,14901.873418792151,0.19774353390318092,1.2464841883609281
20231.342777270358,0.22453285111512963,1.2895452778857366,17499.214703008067,0.2507532770662189,1.3346738389249926
9945.698891148437,0.10316742081447965,1.1150353178607466,17449.601375127677,0.2237536031905408,1.2882507462968158
21463.670178176835,0.21848484848484848,1.2795657231485071,18479.806041902397,0.23320315126326518,1.3041263819060518
1949.5078719230369,0.05,1.0526315789473684,20937.525901804212,0.2501539537218091,1.333607085032229
14757.590782983694,0.12839059674502715,1.1473029045643155,22774.512658759486,0.2559963306579897,1.3440793926250263
9264.021057814825,0.0914560770156438,1.1006622516556293,22019.334151525516,0.27078883454138,1.371344882481433
2322.48636407312,0.05253623188405798,1.0554493307839388,19956.27073933417,0.21285969173002858,1.2704215366608091
2687.295608284883,0.05,1.0526315789473684,18445.808113029227,0.20567939981731134,1.2589375118434627
5.27052261447534,0.05,1.0526315789473684,20385.80142324418,0.23176134252287703,1.3016788341320595
12560.851075476035,0.11221122112211222,1.1263940520446096,24917.54848988913,0.2660344579306088,1.3624617814898146
5773.376819619443,0.05,1.0526315789473684,27534.398099009413,0.2763527294149562,1.3818887193363343
1673.012099253945,0.05,1.0526315789473684,21423.780753842555,0.2501520674618866,1.333603730312575
10917.200896762777,0.15913200723327306,1.189247311827957,19221.708945792634,0.2547235430946132,1.3417839658484616
1697.1358179068193,0.05,1.0526315789473684,21450.026728438213,0.22610258235886346,1.292160921079219
8530.105999995023,0.12008469449485783,1.136473014781712,15363.433065709192,0.21297160729452488,1.2706021908084122
3075.4960116944276,0.05,1.0526315789473684,14104.957459170371,0.1762783936100771,1.214002391393668
16385.922924788203,0.1730072463768116,1.2092004381161008,18580.850360737182,0.2252842223686515,1.2907959652731558
760.526582823135,0.05,1.0526315789473684,17724.639663248323,0.22226735417642285,1.285788895927152
8955.950251002796,0.10727272727272726,1.120162932790224,20891.044359231368,0.25551655309677607,1.3432132093193347
8753.351345394272,0.13901480809912362,1.1614601614601614,21046.106326049194,0.23980613054053387,1.315453912711829
356.5911086811684,0.05,1.0526315789473684,18514.86960628396,0.23483352999547094,1.3069051496651192
16078.595083625987,0.14600550964187328,1.1709677419354838,21439.58890993381,0.24385349718540925,1.3224950406802356
453.58209810219705,0.05,1.0526315789473684,17528.69568995852,0.2181356998791731,1.2789943214512585
13107.94184804894,0.12025316455696204,1.1366906474820144,17638.98930985434,0.2017061707308263,1.2526715895016818
6297.923561384436,0.0512589928057554,1.0540284360189573,16776.62659909576,0.21987272255611412,1.281842115912848
4413.250637402292,0.06925624811803674,1.0744095761889356,26294.622713990975,0.26892121571863314,1.3678416355399732
10348.60972696729,0.11171497584541062,1.125764785859959,20607.219583176542,0.23516358956493047,1.3074691350417798
2237.1238259212114,0.05,1.0526315789473684,17248.95307752071,0.2262487010833133,1.2924049386412397
1994.5619150795974,0.0522342995169082,1.0551130933418285,17708.550035765395,0.21211192496036246,1.2692158082855758
2104.8456062204204,0.05,1.0526315789473684,16863.649289439432,0.1834928506898501,1.2247290190231395
5530.454911232926,0.05,1.0526315789473684,22302.085911130533,0.24512304876074165,1.3247192119965123
1189.5204167421907,0.05,1.0526315789473684,20325.36357058538,0.24185275081887203,1.3190049836362214
2836.9050831031054,0.05033152501506932,1.0529990479212947,18734.407114130445,0.25270699332171487,1.3381631984554447
12194.145584607031,0.12244283995186522,1.1395269112101474,19021.378752583638,0.23697143682786118,1.310566927983272
7482.885079972912,0.09156844968268361,1.1007984031936129,21869.611517035868,0.26898984938560216,1.3679700605518572
6683.378991280682,0.06738868832731648,1.072258064516129,21398.005231711082,0.21987074653962813,1.2818388690904243
6440.460667064879,0.05,1.0526315789473684,20626.994355938397,0.25424153740641225,1.3409167312995882
12128.799493039958,0.11995177817962631,1.1363013698630138,18671.839828343596,0.20551285935106015,1.2586736132484113
7356.213750148192,0.10990338164251208,1.1234735413839891,17158.557840781286,0.21917669364764505,1.2806994769041118
4572.823686493561,0.05,1.0526315789473684,16256.409697688185,0.23749185029735953,1.3114613927601633
3200.9744199574925,0.05,1.0526315789473684,13783.020290371496,0.20388934021892027,1.2561067832893824
11188.635673035402,0.09999999999999999,1.1111111111111112,23921.00936295977,0.26506668995208765,1.360667677363552
6675.873526932206,0.05,1.0526315789473684,26411.504201683216,0.2761962753800184,1.3815900167203887
3756.8818997298367,0.05,1.0526315789473684,20679.87168009393,0.24702784365739563,1.3280703563559093
5500.924662861042,0.06363636363636362,1.0679611650485437,24724.290979691315,0.2552947835501953,1.3428132070394903
4172.949808282312,0.05,1.0526315789473684,26099.675394838676,0.2653822668578729,1.3612521926509624
1353.5297351931222,0.05,1.0526315789473684,25113.967733286787,0.25304671602012735,1.3387718100278756
2049.526392634958,0.05460030165912518,1.0577536694320357,20043.9968415685,0.23644316048461997,1.3096601958731553
6535.514208415523,0.05,1.0526315789473684,21746.54061036464,0.2685753429939976,1.3671948168843229
4733.288352430332,0.05,1.0526315789473684,16326.26639518002,0.19617806955152875,1.2440566276191
7943.653901050333,0.1036769138034961,1.1156691324815065,16334.057195259724,0.2076271620852517,1.26203215475136
16047.250626313034,0.1351351351351351,1.15625,21013.70699872542,0.22980645786392825,1.2983749477132436
8026.253372412175,0.0699069906990699,1.0751612903225807,17564.64756982308,0.23186707985445695,1.3018580167225793
1189.276884085033,0.05413625304136252,1.0572347266881028,18937.16881087981,0.23959989826032868,1.3150971412446726
8862.120779817924,0.12669683257918551,1.145077720207254,23051.555427267216,0.2681166724329933,1.366337997238291
5588.018880635966,0.08009635651912074,1.0870703764320786,23079.403634184506,0.2465330902037547,1.327198297627195
4350.833093987312,0.05,1.0526315789473684,18276.27141143568,0.23419287652295104,1.305811828257262
13141.377854951192,0.11896135265700485,1.1350239890335847,19007.144423178863,0.22076605635788607,1.283311652629033
3702.0987866697833,0.08302919708029197,1.090547263681592,18357.34875204554,0.22778360904005224,1.294973807480171
1143.7754114060663,0.05394816154309825,1.057024530105129,24682.69801607309,0.24556410815797028,1.3254936712493903
1139.4430737840012,0.05,1.0526315789473684,23278.03054350335,0.25930910977041566,1.3500908586712066
2015.151843128726,0.056903264450434254,1.0603366147983486,21339.078767723404,0.2552332260874102,1.3427022190404077
5420.058074066415,0.0631768953068592,1.0674373795761078,17519.726819499396,0.20223706996401722,1.253505223606837
6849.414711680729,0.10437405731523379,1.116537554732233,19852.937279740814,0.214825025241234,1.27360146737641
-978.9078633324243,0.05,1.0526315789473684,16799.15466128057,0.21077920943311498,1.267072550485797
12491.695460759103,0.18168168168168164,1.2220183486238532,18965.2439295128,0.24423724083057677,1.323166546468883
12978.1121685463,0.13924050632911392,1.1617647058823528,22539.814205975737,0.26186071069272887,1.3547578546299572
2096.6103105912916,0.05,1.0526315789473684,22295.21019606758,0.21309115629859568,1.270795223619896
6431.4458836945705,0.12629022465088038,1.1445448227936066,20983.943692105822,0.25905178004886925,1.3496219750227012
2667.9614956812,0.05,1.0526315789473684,18987.820425310638,0.24984510906728372,1.333058028531461
3471.7335198246874,0.05,1.0526315789473684,20681.200686533004,0.25374847038249,1.3400307541246157
6187.164181813598,0.09756097560975611,1.1081081081081081,20530.569786557928,0.24285856773282025,1.320757202528999
15154.823444936424,0.13442822384428224,1.1553056921995783,20928.945230795536,0.20898417336699057,1.2641972086153321
12759.639462339226,0.10626702997275207,1.1189024390243902,16363.547350745648,0.2054195210292509,1.2585257585176755
9521.460829521064,0.11422543701024714,1.1289554270159918,16670.89729843801,0.2140734239113606,1.2723834902959392
15147.590166849084,0.22602945596633603,1.2920388349514564,22232.942693075165,0.23325977205349105,1.3042226865782294
2430.773605112452,0.05,1.0526315789473684,23893.276648452505,0.23449739965890323,1.3063312907812654
3222.062319746241,0.05,1.0526315789473684,23691.338224078994,0.26710666041392567,1.364455025017396
2948.729144464247,0.05,1.0526315789473684,19328.963039892726,0.254136620570053,1.340728111312136
11696.532849263866,0.12214199759326112,1.1391363947909527,19984.85905645741,0.2618557280250738,1.354748709658711
4569.782586060464,0.07722473604826548,1.0836874795684865,20535.536692301277,0.2467206281485775,1.3275287195800722
2652.90725533152,0.05,1.0526315789473684,16774.285349350423,0.21587155963060609,1.2753012752973372
1979.0923522524536,0.05,1.0526315789473684,17143.87603724003,0.21313334732258982,1.2708633624228165
8622.926519725937,0.08673315200967062,1.0949702183984116,16671.114909125492,0.19231923904801443,1.2381129381134872
10717.691281711683,0.16034897713598073,1.1909709781440343,19426.390551034827,0.21248569674316883,1.2698182063035763
13768.511499112938,0.12894499549143373,1.1480331262939958,24305.986637780443,0.24904365347907922,1.3316353269172898
7089.101478416938,0.08467983243566729,1.0925138934292251,25009.154672477394,0.25419353731294686,1.3408304299175922
5127.996757163666,0.05,1.0526315789473684,23029.142662367783,0.2384234852009083,1.3130657006457267
5359.699969527312,0.05,1.0526315789473684,17694.53705417877,0.22233445411044536,1.2858998386718057
16909.236783533823,0.15712988192552227,1.1864224137931034,22046.885192343965,0.24706552583497798,1.328136822409367
6020.630141629837,0.09270927092709273,1.1021825396825398,24884.11753775878,0.2631010970414976,1.357038253124274
7153.308824347798,0.10147545919903644,1.1129356568364612,15934.892309380695,0.23074470170570274,1.2999585472044752
6551.660309429746,0.10369702434625788,1.1156941649899395,14403.463222135324,0.19471333436260926,1.2417938141425602
3324.091396009084,0.05,1.0526315789473684,25267.347501069773,0.24984963342471647,1.3330660685608584
6657.158851807471,0.12488687782805429,1.1427094105480868,18362.63365431875,0.23763513071499445,1.3117078715049708
7524.507922031917,0.14734299516908214,1.1728045325779037,19447.98285712255,0.22612044008288515,1.2921907384491502
3465.2239730493166,0.05,1.0526315789473684,16863.94867664529,0.20437438354064777,1.2568725532621021
7860.773392026313,0.05,1.0526315789473684,22213.941210128367,0.2241560306578155,1.2889189573102835
3970.3395034843124,0.05,1.0526315789473684,18909.287787387148,0.22512443778717903,1.2905297944153622
6673.944475041237,0.08258258258258257,1.0900163666121112,26318.78655159427,0.2559826440785779,1.3440546675978524
16376.300835954957,0.13345302214242968,1.1540055248618786,20847.750861143693,0.22603338975411458,1.2920454019099155
4805.45470531797,0.05,1.0526315789473684,14854.756402242463,0.21200585625330504,1.269044964275084
4628.01663009543,0.05,1.0526315789473684,20633.816137809306,0.2339095106386919,1.3053288271907708
5939.090331954882,0.05,1.0526315789473684,21982.063073105644,0.24329981095535289,1.3215273558508358
18004.88860753365,0.1820096269554753,1.22250827510114,21350.972197605297,0.24614200387678764,1.3265097739131197
3780.96486577671,0.08400597907324364,1.091710182767624,18507.992454191204,0.2205517806749153,1.2829588614185155
18332.053347037174,0.16469875870420833,1.1971728887278,21610.520370888058,0.23960731567945995,1.3151099696514894
13465.436296628322,0.14981949458483754,1.1762208067940552,18292.7275462104,0.2377859874160425,1.311967483528585
3203.896874092985,0.05,1.0526315789473684,23704.0062355916,0.2506016753037051,1.334403837111946
7190.65684934333,0.10575757575757576,1.1182649949169772,19970.325732803438,0.24940936822173929,1.3322841475263973
4548.64662873745,0.05,1.0526315789473684,20872.916590271052,0.26466402129685745,1.3599225781983708
6743.479032828473,0.09584086799276671,1.1059999999999999,16213.077506348956,0.21839541848371355,1.2794193171949348
7443.647921531927,0.056852184320766004,1.0602791878172588,18276.601969286334,0.2189971320769335,1.2804050293173905
11391.906853352208,0.14683620950650925,1.1721078779276082,21994.564991438296,0.2337295605884185,1.305022285301648
4977.710873777047,0.10739064856711912,1.1203109158499494,22089.25988937961,0.2458194001711499,1.3259423541615032
3337.350487523712,0.05,1.0526315789473684,20915.801015882753,0.23380419613444883,1.305149408225519
8799.285948163364,0.11954230653417645,1.1357729138166894,17716.743708598893,0.21944689212698235,1.2811428074701645
5135.32447972754,0.08280060882800609,1.0902754729505477,18978.282640021294,0.24326936540282051,1.3214741868251665
5637.847084814217,0.05,1.0526315789473684,18826.859652290586,0.2173737497270304,1.2777491167095576
4118.059867331758,0.05,1.0526315789473684,14345.903013180476,0.22695208687484203,1.2935808803329607
4023.372866374906,0.1020776874435411,1.113682092555332,22526.64351004595,0.2501626216351993,1.3336225011625036
5458.773805493489,0.09190172884440401,1.1012024048096192,20575.811379280407,0.2257174769240274,1.2915182381068415
3907.4769442174584,0.05,1.0526315789473684,24824.62773632817,0.24762103003900973,1.3291174260915992
7017.921936013736,0.08973200843119543,1.0985775719483957,21595.827586045954,0.23899432049602107,1.3140506397426586
8454.878822002094,0.097361237488626,1.1078629032258065,19550.14897766104,0.22801971061965057,1.2953698608065196
4997.337304443121,0.09927797833935016,1.1102204408817635,20698.7204750292,0.22526752306821304,1.290768142262929
2664.437371778302,0.05621033544877608,1.0595581171950048,23233.642732014414,0.24809589992401104,1.3299568387762988
17110.881553137675,0.2043596730245232,1.2568493150684932,24884.354968226515,0.27198935476702724,1.3736062879684776
10808.724825585727,0.1371308016877637,1.158924205378973,16786.35350030195,0.2542436884665913,1.34092059904102
4047.59060519794,0.05,1.0526315789473684,16630.152367150877,0.19855999474203598,1.2477540345370262
8769.233196591493,0.08702198133092443,1.095316622691293,15973.937003045343,0.22250540481235634,1.2861825743735955
11576.872891542502,0.10201020102010204,1.1135983962579352,18962.591143181082,0.20765987535153765,1.2620842601448086
-136.3295235587284,0.05,1.0526315789473684,21081.44495417783,0.26282094723946703,1.3565225385274782
1519.347133022733,0.06205035971223024,1.0661553211888783,20108.799650826026,0.22565506394667223,1.2914141404433899
12647.744687496684,0.13351335133513353,1.1540858725761773,23302.781014459673,0.2565106551539251,1.3450091880025943
5458.214585576672,0.052962298025134656,1.0559241706161138,17897.15402253205,0.2253247121161948,1.2908634309630793
7853.641948413104,0.11823104693140792,1.1340839303991812,16311.458127947059,0.21833340672173884,1.279317817339567
12823.041657200549,0.17253839205058719,1.2085152838427948,22841.403748570476,0.25587886804087745,1.343867224099925
10097.552187060472,0.1085696858798414,1.1217926787547041,22898.033877096605,0.2799568410814531,1.3888056397923814
6936.153399214614,0.08779897063275811,1.0962495851310985,16290.17364071263,0.21598815979490213,1.2754909412317033
2367.7711718403734,0.05,1.0526315789473684,26795.6468584314,0.2900178539890708,1.408486122670198
3802.530866662506,0.0508882866606444,1.0536167512690355,25179.082490348723,0.27336368733545885,1.3762042751937995
-31.6239929436706,0.05,1.0526315789473684,16817.66789223114,0.22644115678485632,1.2927264794022633
5571.686438571662,0.051026570048309176,1.0537702831689468,19029.183770701755,0.23904352863352465,1.3141356143594731
987.8010899587534,0.05,1.0526315789473684,20585.42536568921,0.2285352979636616,1.2962355858413557
7514.636215495411,0.07366818873668189,1.0795267827801511,19687.51314709941,0.23021290682987114,1.2990604920145008
3792.3773982929997,0.05,1.0526315789473684,25098.75190408947,0.2800770381742717,1.3890375123804841
1612.4336889320984,0.05,1.0526315789473684,22345.845657800324,0.27419163077223463,1.3777741376335533
3377.923424493056,0.07585373224539137,1.0820797907128843,18498.652537994552,0.24415324217573467,1.3230195005116372
4459.157509601675,0.05,1.0526315789473684,21629.87273323303,0.24691097398916825,1.327864257028248
2837.0179057684727,0.05,1.0526315789473684,23682.259176252875,0.24693435972073072,1.3279054925798457
4939.412995269056,0.08009635651912074,1.0870703764320786,18536.264450714923,0.22622913249123622,1.292372253842542
10226.994814703707,0.09502262443438915,1.105,21482.81744858483,0.25528896926964406,1.3428027231170137
4644.423463376239,0.05,1.0526315789473684,16469.799028276,0.21910300321716517,1.2805786219179136
10907.494632710703,0.13484848484848486,1.1558669001751314,25449.511179715395,0.2589742952897071,1.349480852882093
1728.4256299519911,0.11161662117076128,1.1256401502219189,19515.452311342582,0.21999079527582513,1.2820361528343986
1085.2184134856798,0.05,1.0526315789473684,20017.96189127909,0.21116546937598793,1.2676929839885993
4119.898283631541,0.05,1.0526315789473684,22976.958109789994,0.2683428785337084,1.3667604273377818
3449.2536557931453,0.05,1.0526315789473684,20092.02296028752,0.21484732666140252,1.2736376426610592
14899.66448786389,0.20666666666666667,1.2605042016806722,23254.272911425214,0.2451697975119281,1.3248012555721793
3519.699289829936,0.05,1.0526315789473684,19239.344439878594,0.23458859145809993,1.306486928258606
2192.6401292723604,0.05,1.0526315789473684,18789.010902684182,0.20917971505103036,1.2645097995488677
2636.862857473083,0.05,1.0526315789473684,20334.450220295228,0.2291779121803528,1.297316223551153
10281.532795353793,0.1529906822963631,1.1806245564229951,19892.68494515959,0.22918635559804656,1.2973304342268928
-201.5211672121659,0.05,1.0526315789473684,17031.993879566435,0.19544853215013872,1.2429285632558333
13009.525642342865,0.15928937067148452,1.1894699140401146,14755.752762252,0.19181602640432796,1.2373420318531234
3380.7257312666625,0.05,1.0526315789473684,22883.654674093705,0.2550074013542262,1.3422952144998104
2141.7297420012765,0.05,1.0526315789473684,19054.897270203102,0.23290753196927058,1.3036238024435152
8910.232058040798,0.11555959963603273,1.1306584362139918,24045.507590400055,0.23830485540027357,1.3128611979343832
1529.4496240927838,0.05413625304136254,1.0572347266881028,15378.140032179188,0.22216656979861749,1.285622295432967
2684.089444521349,0.05535390199637025,1.058597502401537,18271.45355236251,0.22328623567462544,1.2874755745684046
4487.078336921055,0.06799637352674526,1.0729571984435797,18300.59728044411,0.21324210512185549,1.2710390407393155
1086.1171022774652,0.05,1.0526315789473684,19830.815773452632,0.21501550591713858,1.2739105135679814
3204.5270635969937,0.05,1.0526315789473684,22632.299397412688,0.2548299895355892,1.3419756377162468
7029.667054373305,0.10244786944696287,1.114141414141414,17547.574639610015,0.2071399003713051,1.2612565577058437
5421.460243162233,0.09284216831386644,1.102344007923407,17165.675889306236,0.22348085598898612,1.2877982567623811
8294.633443808649,0.09183980728696177,1.101127320954907,23604.14242507238,0.23402770205933535,1.3055302426582849
8879.354087904096,0.08220415537488711,1.0895669291338583,21787.801346197724,0.22898275877384577,1.2969878577678664
5537.09763407195,0.05,1.0526315789473684,23547.706444594078,0.25140794675508654,1.3358410574428505
3244.63727108296,0.05,1.0526315789473684,22194.23193289386,0.23307692560634954,1.3039117395061117
4141.289074863773,0.08792532369768143,1.0964014526246286,19091.60719250422,0.22345412679248358,1.2877539299378518
2623.6715999199077,0.05,1.0526315789473684,17771.05223642662,0.2364674921846929,1.3097019311742162
7782.863681091927,0.07340553549939831,1.0792207792207793,17313.012226883788,0.21739169992379218,1.2777784236413328
4979.871434840839,0.05,1.0526315789473684,19150.575338432565,0.22066827379341036,1.2831506358242555
6700.232242896222,0.06969696969696969,1.0749185667752443,18660.064462888055,0.206724583160548,1.260596230227548
5558.317443282343,0.07259528130671507,1.0782778864970646,22946.00489290338,0.26179061725580566,1.3546292195347533
9738.074405907188,0.14234234234234233,1.165966386554622,17059.320918281097,0.21451737853214856,1.2731026411905517
4820.767627969384,0.05,1.0526315789473684,20959.55249960581,0.2586464683837559,1.3488841117676664
3986.4157392294146,0.07504520795660037,1.0811339198435974,22514.696845080703,0.2375622002945149,1.3115824010644286
2533.981888477225,0.06983836535529124,1.0750819672131147,17726.037187748123,0.24186770657069778,1.3190310037798865
1702.9522240743972,0.05,1.0526315789473684,26964.586137055885,0.2813949884679647,1.3915850626591688
6746.257077013608,0.09640374735569661,1.1066889632107024,21258.474520748015,0.25665003011087895,1.3452613715033326
4109.769326321315,0.061482820976491874,1.0655105973025047,18896.46427993197,0.23321072878902235,1.3041392694771492
21042.40408777632,0.24741955069823918,1.3287615974183138,22718.85496119922,0.24147386309852395,1.3183461338391411
3839.4407050106674,0.06198723792160438,1.066083576287658,18831.118338210974,0.22479611743370131,1.2899832192397152
6364.629601572175,0.11443236714975845,1.1292192294578929,14375.833187332377,0.20487673173463064,1.257666628448174
15474.487590635195,0.1607843137254902,1.191588785046729,16854.49818975199,0.22090624211032514,1.283542564515845
1290.2715332969092,0.07447447447447446,1.0804672290720312,18937.22510942584,0.24586093807963114,1.32601538694145
16524.318041255698,0.15656108597285068,1.1856223175965666,17809.624533293303,0.22796343443922606,1.2952754372115047
5690.7546847653575,0.07003306281935678,1.0753070458952814,19193.220885824878,0.23083916640253244,1.300118201966768
4508.922635025345,0.05,1.0526315789473684,17574.23073812574,0.20684770362599894,1.260791911681565
3468.9429091457278,0.06219806763285024,1.0663232453316163,16359.556472473778,0.22688620862640893,1.2934706522610342
7993.244952049572,0.10021387106630003,1.1113752122241087,16773.13821407361,0.22074127391927154,1.2832708400064852
1819.1343143405393,0.05,1.0526315789473684,17524.778187995777,0.2455783255805284,1.3255186507857177
3106.419681541156,0.05,1.0526315789473684,17943.99428293528,0.2140022097896963,1.2722682079455176
4406.022810426541,0.05,1.0526315789473684,19942.15202540392,0.21019226076700973,1.2661309206353621
444.13048403710127,0.05,1.0526315789473684,21002.67223582929,0.22673544991998806,1.2932184721212514
3286.969141703099,0.05,1.0526315789473684,23110.056905885227,0.2545722116326555,1.34151156638556
5855.005902661476,0.07172995780590717,1.0772727272727274,19985.96882793214,0.24076788247882822,1.317120254692221
1949.4512391043827,0.05,1.0526315789473684,24175.150222585537,0.2473723157398724,1.3286782042611844
2556.819316845387,0.05,1.0526315789473684,17714.725873637944,0.21226869350705835,1.2694683983706319
6003.048679124564,0.05,1.0526315789473684,25773.975335386116,0.2648728575069484,1.3603089073934607
12144.40862396732,0.12123947051744886,1.1379664498459432,22956.764656195417,0.2701453821495929,1.3701358812323945
6781.410994863603,0.09627611262488649,1.1065326633165828,16825.874446587637,0.20250828641070318,1.2539315242527944
14608.03780946508,0.15489130434782608,1.1832797427652733,18152.157268886454,0.21451955795259325,1.2731061735839455
7294.909063455649,0.10230722525804492,1.1139668583023334,21216.44192048954,0.24682879524036527,1.3277193733384134
22041.651148417033,0.22101776573321294,1.283726323927329,15725.59456098685,0.24052883299841585,1.3167056808068582
2765.319826574065,0.08189785433665762,1.0892034233048058,25920.96796293324,0.24354950465099465,1.321963573490196
7759.237717895303,0.0757164404223228,1.0819190600522195,25574.966882733162,0.27216861237600837,1.373944593492325
373.7871375819668,0.05,1.0526315789473684,19013.704805318266,0.2493761265253601,1.3322251467582524
3944.498363374267,0.05,1.0526315789473684,17884.45953909401,0.23286630109951956,1.3035537370256096
7902.281304519158,0.12349033816425121,1.1408887357905615,23429.968212737236,0.2722741817736551,1.3741439082610225
10454.280172097962,0.1278331822302811,1.1465696465696467,18271.989585595205,0.21996059600205253,1.2819865187254456
515.6490576048382,0.05,1.0526315789473684,19747.8157951138,0.23804585673984546,1.3124149384125985
2340.2204411071725,0.05,1.0526315789473684,13267.458586795256,0.1916906928631026,1.2371501740368274
3632.2833344144747,0.05,1.0526315789473684,26028.43743167678,0.26629077714747923,1.3629377536133342
9398.100246925838,0.061973525872442835,1.0660679923027583,18434.77696662862,0.2196411466691791,1.2814617220419562
4470.319022806361,0.07487271638215036,1.0809323405632891,21106.61724193208,0.24010070550852688,1.315963848432315
5021.566172068939,0.05450165612767238,1.0576433121019106,21936.737364463042,0.22742087336063022,1.2943658008855154
16098.196174682584,0.21124206708975524,1.2678160919540231,20682.626024065074,0.2214840443666232,1.2844951895512926
12857.395849425346,0.14641464146414643,1.1715289982425308,19624.435583217535,0.22286275220082832,1.2867739936954103
10255.329343634658,0.13200121102028461,1.1520753400767354,18447.096877682023,0.23445178226408725,1.3062534492699516
1141.0908358180895,0.05,1.0526315789473684,21017.727499062195,0.256691012178882,1.3453355419948942
4180.343528475147,0.05,1.0526315789473684,18486.039301360026,0.23843467334751603,1.3130849908773723
4672.2489854772575,0.05,1.0526315789473684,22645.591318546794,0.23338694519221007,1.3044390435677178
827.7645737621933,0.05,1.0526315789473684,14603.379120056983,0.1780134740290027,1.2165649538095757
5618.299921264872,0.09208937198067634,1.1014299966744263,18595.59827894671,0.2158201933022719,1.2752177389151547
5774.800603668205,0.12976406533575321,1.1491136600625653,18918.283018758986,0.25317364081872656,1.33899933727068
7714.100332044065,0.101985559566787,1.11356783919598,21780.62005380541,0.24396822685000039,1.3226957325265696
3840.5342174526304,0.06189613526570048,1.065980045059543,18108.51164091425,0.22052941001984713,1.2829220407475057
2375.089235732332,0.05,1.0526315789473684,17774.312668491155,0.211717278673234,1.2685803873981796
9707.816638738383,0.08808446455505277,1.0965927886205755,23170.718840487767,0.26204446296158496,1.355095191796012
2783.7986446232535,0.05,1.0526315789473684,19057.217493351083,0.21631739768718472,1.276026795859428
1327.6605201400816,0.05,1.0526315789473684,18727.548658071086,0.23503261465114886,1.307245274965502
1858.006827747915,0.07901907356948229,1.0857988165680472,20167.961677711923,0.22091619960105371,1.2835589695074252
3747.2785113835707,0.05,1.0526315789473684,15942.445469471626,0.19577016913147213,1.243425649754934
4890.22226849664,0.08830620855937314,1.0968595041322313,17748.727910534944,0.1846550153084007,1.2264747055238778
5311.645581788849,0.0957542908762421,1.1058941058941059,21472.79500501603,0.23122146568802648,1.300764726599658
10406.317993864883,0.1247739602169982,1.1425619834710743,23308.36115360679,0.2520273721475159,1.3369473196781487
7239.022333743982,0.06323396567299006,1.0675024108003859,18461.135932723526,0.2429165066712797,1.3208582789240753
2794.7813371410593,0.053598313760915395,1.0566337893732103,19191.95687039662,0.23247311807107182,1.302885962100541
1475.6288423812948,0.05,1.0526315789473684,20417.189278382808,0.21187200472282627,1.268829436325649
9914.270774219185,0.11181818181818177,1.1258955987717503,17311.583866240922,0.22645252408172942,1.2927454760458108
8262.851700353436,0.09549549549549546,1.1055776892430278,20178.02450195141,0.2524499494667521,1.33770307324128
8022.129205747042,0.10588235294117647,1.118421052631579,19434.6179126231,0.22732984194368278,1.2942133063810048
883.647867268417,0.05,1.0526315789473684,20792.38606867427,0.2444422125404676,1.32352550208287
12974.013359247241,0.1386618225855283,1.1609841827768013,21078.44669728959,0.241007548403521,1.317536159808416
9608.626791995484,0.09173478655767485,1.101,21125.849245264195,0.23923731031773296,1.3144703513491842
980.9383487249725,0.05,1.0526315789473684,20357.989694620017,0.23206896820936115,1.3022002739858418
3261.766326158773,0.06257521058965101,1.0667522464698331,17472.8204077282,0.23564596234339205,1.3082942599032332
8907.415442965459,0.09922062350119908,1.1101497504159734,22783.917731202208,0.25364342148257696,1.3398421462116927
2950.921185927,0.05306495882891125,1.0560386473429952,20879.211521789897,0.22102065271097152,1.2837310815494125
4954.121231988538,0.05601217656012175,1.0593356981618833,22508.153454786167,0.24281163173665776,1.3206753324718405
5214.8610575697385,0.0977737665463297,1.1083694564854951,22415.016501030885,0.25385196799903276,1.340216628754311
5619.608524485491,0.062462462462462454,1.0666239590006406,22707.642564114183,0.26455316537894275,1.359717593339368
16171.702672334854,0.18297101449275363,1.2239467849223948,18710.895830385853,0.2298261252898016,1.2984081034640143
6669.010827936698,0.10550045085662758,1.1179435483870968,19840.85430345917,0.23700649471709836,1.3106271456782865
2358.1671508820727,0.07987987987987988,1.0868146214099217,21240.564002593048,0.24195851700861204,1.3191890185927475
3765.136817258317,0.05807622504537207,1.0616570327552985,21435.71423905762,0.2646515439969832,1.35989950320355
9453.054863103665,0.1111111111111111,1.125,22900.796884221956,0.2757156752743621,1.380673260295678
2026.9072005972266,0.05,1.0526315789473684,21102.15383196762,0.23599690300039675,1.3088952177382591
3199.9330900250934,0.05,1.0526315789473684,23928.05107017979,0.24882540921169485,1.3312484371317326
12325.54909364134,0.17789757412398924,1.2163934426229508,19678.335326668806,0.2279886524019128,1.2953177477393827
4645.810219050385,0.060578661844484634,1.0644850818094322,21065.304043393582,0.26039084685335584,1.3520654736971967
4499.841788607184,0.06474820143884893,1.0692307692307692,24234.01749403961,0.2635603562944598,1.357884530724479
1657.8548153373413,0.05,1.0526315789473684,13631.81816090364,0.19828494211771455,1.2473259547369364
212.69599508401006,0.05,1.0526315789473684,17690.647715234198,0.20719587855509994,1.2613456123026727
2892.4910138626583,0.08069858476362542,1.0877825090075337,18779.255365906283,0.2196168448579452,1.2814218162076652
5400.904978537001,0.11592893706714848,1.1311307901907357,26514.05806422513,0.26857539279035914,1.367194909964767
5025.170453606639,0.057628146800121315,1.0611522368844544,22021.94632074982,0.2523119962768679,1.3374562585202299
5140.867321766913,0.08589511754068718,1.0939663699307618,20538.625524122734,0.2413390226874618,1.3181118179326623
6082.2424662820995,0.08918918918918917,1.0979228486646884,19928.99025548715,0.24811320643073512,1.329987450973733
6085.532159985509,0.05,1.0526315789473684,19285.60243805824,0.23617085676159366,1.3091933043563906
3577.4769684411585,0.05,1.0526315789473684,18865.790053932928,0.2077647574255038,1.2622513443738488
1037.3454074687324,0.05,1.0526315789473684,14500.08640378574,0.19551694644349613,1.243034263530032
4389.723478490952,0.05,1.0526315789473684,19448.43173269648,0.24349713891808497,1.3218720661146566
3957.3756444700994,0.05,1.0526315789473684,21310.805776858702,0.252516211679766,1.337821656637166
4749.498788773082,0.07590759075907592,1.082142857142857,20625.361844988074,0.25215445945937726,1.3371745177180476
3285.3804941233248,0.05,1.0526315789473684,20769.8295535543,0.2340325962252917,1.3055385843731373
12263.229517236352,0.11784207353827607,1.1335838742740005,23917.387738769874,0.2508228249758942,1.3347977398908657
5746.723602091894,0.07121212121212121,1.0766721044045677,18540.195813324302,0.20283960271740142,1.2544526840631465
6205.125720140059,0.05,1.0526315789473684,21285.281901007984,0.23322907538260995,1.3041704737291502
11567.31854309747,0.15312876052948254,1.1808170515097691,18172.318043204956,0.22392351296252147,1.2885327885880244
3176.044741892256,0.05,1.0526315789473684,19091.416846055537,0.22186674779956791,1.285126933172648
5590.710345813073,0.09249249249249249,1.1019192587690272,15511.822572142817,0.2062510458233625,1.2598441796213873
2473.5939288260415,0.05,1.0526315789473684,18002.99402728863,0.21805297886015404,1.2788590185333755
4728.549060605001,0.08002406738868832,1.0869849574885546,19042.24645761447,0.24067804968797238,1.3169644306859174
3469.6022017770447,0.05,1.0526315789473684,19343.45151484385,0.22272939601270966,1.2865532220955467
5332.679864267353,0.08212996389891697,1.089478859390364,19108.415436954238,0.23808583549902504,1.312483802758756
4012.9571879720315,0.06306306306306307,1.0673076923076923,21508.960713113192,0.22994812134399958,1.2986138047547346
13464.91514122067,0.1641164116411641,1.1963388370423547,23146.811028676108,0.2472481528811822,1.3284590450724665
3524.524247509893,0.05,1.0526315789473684,20919.447189179715,0.24008035756999468,1.3159286116125206
8627.346659823786,0.09848484848484845,1.1092436974789914,22326.39525420172,0.24442599906086218,1.323497101219806
3517.836174323689,0.05,1.0526315789473684,14859.676368605345,0.2063562201743098,1.260011135247141
12978.665845020209,0.17664851784634003,1.2145481263776636,24968.446729990188,0.23938269252300617,1.3147215954328606
3457.7923318678513,0.05885885885885885,1.0625398851308232,24433.534171285108,0.25202887470224605,1.336950005392144
6271.008895767853,0.08167570825798674,1.0889399409255005,16934.76782944193,0.2111922016243192,1.2677359453839172
687.4778214758262,0.05,1.0526315789473684,18396.800148113165,0.2286549902253754,1.2964367271815045
7585.890233763494,0.10799396681749623,1.1210686506594523,21405.336871955078,0.2384965771590348,1.313191733622507
17909.060593048576,0.18921389396709323,1.23337091319053,21309.708736716304,0.25439434911206243,1.3411915518734407
4126.487324777059,0.05,1.0526315789473684,20226.901049265638,0.23574141811597837,1.308457665643528
5066.667338625528,0.05,1.0526315789473684,17536.312040623743,0.2177938375325573,1.2784353383838527
2486.5435037850402,0.05,1.0526315789473684,18967.886322375387,0.22643065714343122,1.292708933251269
1962.2819731291384,0.05,1.0526315789473684,21499.943681431934,0.23790862916237407,1.3121786156703037
4487.771070708986,0.05,1.0526315789473684,18574.031464105472,0.24615447964089088,1.3265317269825128
9664.770298202056,0.11885369532428358,1.1348853132488874,24486.50149059249,0.24891454841563118,1.3314064303742819
8735.68374158023,0.12137846904544065,1.138146476917737,21752.807636839338,0.2300202931040817,1.2987355264613156
4254.366061210167,0.06008454106280194,1.0639254738194668,19030.232529707253,0.2247704308511994,1.2899404767261349
8115.774106411729,0.10305228165608948,1.1148921832884098,17645.0580998417,0.21737799656416476,1.2777560503152745
3653.042257414665,0.05,1.0526315789473684,21094.502566335257,0.22823382120532307,1.2957292344188656
2670.5190999079496,0.05,1.0526315789473684,20069.525188756175,0.25277423905734747,1.338283624936142
7832.091003358364,0.09683257918552036,1.1072144288577155,19612.314964472316,0.22903344278844565,1.2970731228820325
4651.514735245146,0.05,1.0526315789473684,26762.852424290963,0.2733144406411972,1.3761110113187862
3352.618464604486,0.05,1.0526315789473684,18731.280989541207,0.21973803883211404,1.2816208526982567
4439.230103359092,0.08371109096403746,1.0913588390501319,24490.68076973036,0.26433950300684034,1.3593226822525692
-1556.1409653262235,0.05,1.0526315789473684,19016.97001955984,0.22790623869251267,1.2951794848161566
3751.5162119749,0.05,1.0526315789473684,23860.039926187135,0.2524409116056242,1.3376869006406202
14621.975734114181,0.18414707655213983,1.2257111193202808,23142.123239943758,0.27809462313854333,1.385223094399965
6624.471295174677,0.09368389241462678,1.1033677892630878,20654.892787372693,0.26087547933096994,1.3529520020453853
12411.719885386061,0.12961296129612962,1.1489141675284384,21725.153076890856,0.24381975700826566,1.322436031975158
4001.902736697346,0.05,1.0526315789473684,19840.565880143084,0.21475475242935457,1.2734874908109952
2860.6705952472985,0.06333333333333332,1.0676156583629894,18643.104555277154,0.21322927576444284,1.2710183147340934
5290.6323600728065,0.08024132730015084,1.087241718596261,18403.34498201497,0.21625620738853066,1.2759271708780688
11157.189800916705,0.1447169240084772,1.1692035398230087,25814.667220037896,0.2832765287905123,1.3952382476221639
7355.2282874560915,0.05,1.0526315789473684,19631.275244612247,0.22786238255473099,1.295105920766621
9991.302758889738,0.05,1.0526315789473684,18965.002655107528,0.2395547042772825,1.315018983777936
8048.466558517888,0.1118143459915612,1.125890736342043,18776.641154054087,0.21721558168164312,1.2774909369661238
3751.460072866641,0.05,1.0526315789473684,18877.50085640885,0.2379243205059124,1.3122056337814916
23304.0610233848,0.2615151515151514,1.3541239228559705,19680.511236825492,0.23031715341665385,1.299236438019947
2551.115628748201,0.07441016333938293,1.080392156862745,13816.912867384031,0.1945738767561758,1.241578800514362
5922.222818761133,0.05,1.0526315789473684,17315.546328693163,0.22536087730139295,1.290923696851644
5996.212954249233,0.10420420420420419,1.116325846463292,17612.743374140467,0.21942853557521158,1.2811126790766183
2378.347587174736,0.05,1.0526315789473684,18802.34202397894,0.2133372519981748,1.2711927729386772
5202.060679087881,0.05,1.0526315789473684,18478.593275668565,0.2406552507716239,1.3169248895395282
11383.47615374485,0.14677516576250754,1.1720240197809961,17532.293039276265,0.23606364038391917,1.3090095626585359
5723.025998273864,0.06630336058128974,1.071011673151751,17825.38556339545,0.20667408931711817,1.260515995423894
3264.119611895643,0.05,1.0526315789473684,18720.397646160796,0.20988541130897312,1.2656392051394567
10857.203990164213,0.1433333333333333,1.1673151750972763,18891.483329146635,0.24764488007393756,1.329159559781124
9131.070732297841,0.12941176470588234,1.1486486486486487,22938.875098830555,0.2279558814049096,1.295262765319328
3705.4716882999055,0.06546003016591251,1.0700451904454487,19813.46230554674,0.20836003412354243,1.2632004990966548
2969.908305382356,0.05,1.0526315789473684,19982.88650547713,0.2245397377421446,1.2895567299456034
6199.663467507809,0.057575757575757565,1.0610932475884245,20212.628584564663,0.2339264194169619,1.3053576384123922
3657.7844430170953,0.05,1.0526315789473684,24009.59934640443,0.255951486319106,1.3439983839936518
5211.52022743132,0.053357314148681056,1.0563647878404052,22079.993147487752,0.24705187273637016,1.3281127394980157
-253.68180378014222,0.05,1.0526315789473684,19186.147701940965,0.23385001117632812,1.3052274549209035
343.66366023384035,0.0606060606060606,1.064516129032258,17811.182634405326,0.20519544231974737,1.2581709432047532
8704.421889171936,0.10209662716499542,1.1137055837563452,20700.453040091787,0.21582812540874352,1.275230638080768
3167.924270477146,0.05740907724676886,1.0609056122448979,22641.86060978612,0.24286390185920015,1.3207665074424126
14067.388695547357,0.2150243309002433,1.2739248353351413,24411.372097757645,0.244873504190661,1.3242814356927144
9963.5429767319,0.08939393939393937,1.098169717138103,16562.79768732004,0.21743595927737083,1.2778506907582767
2629.776867167093,0.05,1.0526315789473684,24804.395553892013,0.2522452379824816,1.3373368526626273
8557.318336144555,0.11552346570397111,1.1306122448979592,16528.88580444781,0.211462862353734,1.2681710882824586
5761.531047303695,0.0799396681749623,1.0868852459016394,16991.007311683148,0.20070765543165228,1.2511066905564359
4957.919357003644,0.05,1.0526315789473684,16435.021507631987,0.22208079394908972,1.2854805386236419
2744.255927248858,0.05,1.0526315789473684,18509.217443129048,0.261823093814464,1.3546888173018197
3566.5502599840984,0.05,1.0526315789473684,17402.609361729585,0.2303574110100691,1.29930439700899
8145.175204687752,0.05,1.0526315789473684,21486.06419504853,0.25179627913373,1.3365343851032983
5177.996449241415,0.05,1.0526315789473684,21682.023039136548,0.2364740849929705,1.309713240042145
10180.443725794554,0.15914560770156436,1.1892665474060824,19540.35830427613,0.24381869025426658,1.322434166398864
10959.862263151444,0.115015015015015,1.1299626739056667,19727.71816083463,0.22745634121492478,1.294425225847597
10659.397484262008,0.10538994278831677,1.1178054527095254,17276.23429815704,0.2370770871108507,1.3107484165248782
9483.710021823645,0.12932604735883424,1.1485355648535565,16874.827659130562,0.21873314926614051,1.2799723923531123
9671.144590021577,0.13067150635208716,1.1503131524008352,19079.584302404895,0.21430566513069904,1.2727595906191032
6403.1478976109065,0.10075414781297133,1.1120429386112043,24695.212103186175,0.24998326331066414,1.333303579882924
10082.93736590119,0.0831074977416441,1.09064039408867,19648.313030415215,0.2458750587159676,1.3260402159585405
4221.184770201333,0.08888888888888889,1.0975609756097562,19861.200524730608,0.23584764128874758,1.3086395515241307
5797.65177775966,0.10638939119951778,1.1190556492411468,16541.281627613585,0.2219713754820095,1.2852997543882485
3468.2196539887227,0.05,1.0526315789473684,21345.18538589077,0.2462879938659699,1.326766711769977
5570.571302091237,0.05530371713508614,1.0585412667946257,14769.043304712977,0.1800527464787335,1.2195906452585776
3336.7019199659117,0.06521079769487413,1.0697598961713173,19694.356495388318,0.24861108155797043,1.3308687092078149
7423.648412037175,0.0640676941674222,1.0684533419438167,27578.70962246973,0.29702875857320427,1.4225333001821463
6233.4380556414835,0.0842358604091456,1.0919842312746386,21554.081630436704,0.25030823210205927,1.3338815268092086
7487.01772846235,0.0546993049259595,1.0578644501278773,26948.532772155944,0.28632949774661404,1.4012068550438053
4471.61610798724,0.05,1.0526315789473684,17951.494957147166,0.21241875008466607,1.269710268124719
2330.6528150034137,0.08025247971145176,1.0872549019607842,21517.154288490303,0.24823324785377185,1.330199822145749
17226.61764093535,0.18151815181518152,1.221774193548387,19196.764487961307,0.2462014010239788,1.3266142990427747
4833.207327844575,0.06964720194647202,1.0748610657077475,24549.783224572428,0.2824869949722557,1.3937029614694338
3383.234073990956,0.05,1.0526315789473684,22366.61123460764,0.23607708412985606,1.309032599003727
8175.570432682522,0.0876242095754291,1.0960396039603961,18984.87739600893,0.21337610342773813,1.271255557271437
11232.324150724337,0.11909090909090908,1.1351909184726523,17279.682194461115,0.20633049792435332,1.2599702992048287
1529.141636900138,0.05,1.0526315789473684,22719.495001124684,0.25142447821266095,1.3358705580064203
6303.6464463556185,0.05,1.0526315789473684,19290.489381729625,0.24469872407558632,1.323974991007528
2629.635759188328,0.05125872004852896,1.0540281329923273,23004.585483437404,0.27583555108247193,1.3809018124195236
1480.4378484585322,0.05,1.0526315789473684,19526.07168556843,0.2376579544079878,1.311747142614218
5970.995913049206,0.05,1.0526315789473684,19982.700016546063,0.23688254817870077,1.3104142718966045
8253.945157710463,0.0780399274047187,1.0846456692913384,19934.545703814365,0.2694920695779592,1.3689105324596051
2515.053659676574,0.05,1.0526315789473684,17239.548007067293,0.22296284162549607,1.2869397418418387
755.6617426751181,0.05,1.0526315789473684,14387.245955562219,0.22039099112116609,1.282694259059568
6209.366015888751,0.05,1.0526315789473684,19493.068747492507,0.22664407160800634,1.2930656678086865
3628.256356121041,0.05,1.0526315789473684,17119.494155867957,0.20681935403079713,1.2607468488821743
3711.7943325452507,0.05,1.0526315789473684,17414.695627242327,0.2353012922907539,1.3077045768726736
9546.99510164326,0.06744604316546764,1.072324011571842,16454.59838871658,0.22657859531257218,1.2929561994785264
1155.7729483889416,0.05,1.0526315789473684,19515.659440222196,0.2418785609034709,1.3190498888828723
5437.6351301888935,0.09312839059674505,1.102691924227318,15715.22801678814,0.23724444236034448,1.3110360062068858
7244.396118978504,0.12167874396135264,1.1385355792368512,21063.424229081254,0.2502944979074449,1.3338570908294396
8169.843107114546,0.08515151515151513,1.093077177873468,22019.19173539616,0.2661141704051109,1.3626097679962128
2348.284992001485,0.05,1.0526315789473684,19687.284886664245,0.2382282551214805,1.3127291826234262
11068.173988652881,0.15926261710486553,1.189432063263839,19391.598956467118,0.22836489275825597,1.2959493296962084
2690.8680350217037,0.07562008469449487,1.0818062827225132,17903.08703523595,0.2523708970208272,1.3375616278381524
7850.626992839854,0.0857487922705314,1.093791281373844,22154.60635710368,0.2724861209807526,1.3745442236072358
3909.7249097907916,0.05,1.0526315789473684,18825.23153906176,0.23460126268347845,1.306508557233825
5153.691720508039,0.1012121212121212,1.112609575185435,24427.716618122067,0.27456148071133096,1.3784765674981707
15017.521288014017,0.1604714415231188,1.1911447084233262,24884.626424604096,0.27400537336111075,1.377420663055956
5425.787938531954,0.05,1.0526315789473684,22856.819094383623,0.24766963177417708,1.32920328918563
4752.589243492577,0.05,1.0526315789473684,14380.403240256477,0.1775537175323536,1.2158848806509601
4085.656826753635,0.05,1.0526315789473684,21688.734293370973,0.24853915664610945,1.330741327168611
4474.83440090809,0.05,1.0526315789473684,21749.549467361532,0.2685214318376307,1.3670940524097843
711.8845208147541,0.051001821493624776,1.053742802303263,16054.187088246923,0.20270528222425221,1.2542413460228974
8347.77992074471,0.05,1.0526315789473684,25294.812214553822,0.27076388288055103,1.3712979603233226
17436.13366172649,0.16757246376811594,1.2013057671381937,17863.728916299064,0.2122371600192675,1.2694175826121203
13135.436490630731,0.1268836648583484,1.1453227476700034,16042.469340862706,0.21425144052044676,1.272671757314271
11074.622280072886,0.10930442637759714,1.122718052738337,15673.830683700275,0.2137185428502133,1.2718092114558157
2392.768802009523,0.05,1.0526315789473684,20811.13755300641,0.23431820730496267,1.3060255703354422
5810.635339046363,0.050913447139862233,1.0536446828652573,20509.406735204626,0.23975373067422445,1.3153632452374282
3552.153774199076,0.05,1.0526315789473684,19195.405302211177,0.23480448383688912,1.3068555406783613
4726.84171351837,0.05,1.0526315789473684,23873.172931169625,0.24654810252128836,1.3272247416806784
13457.131414469797,0.14848484848484847,1.1743772241992882,18457.55085293809,0.2272238680481596,1.2940358257109321
7317.044139665086,0.05,1.0526315789473684,24112.402485469356,0.2423164857042033,1.3198122713933087
5993.351415141951,0.11101028433151845,1.1248724055801294,17822.697200079914,0.22275093631262408,1.2865888770014893
15693.302263926249,0.1704170417041704,1.2054249547920433,18031.405195887666,0.22945397755940455,1.2977810161586996
5921.167136961594,0.07625075346594334,1.0825448613376836,17968.27437078301,0.25041079082203016,1.3340640283451262
3931.4855335433967,0.06314511232544018,1.067401166558652,25315.765369146597,0.2726282182354625,1.374812750604775
4677.622250195127,0.07140714071407142,1.0768982229402262,17178.923786418512,0.23700372396687716,1.3106223862573458
5747.373184896074,0.05,1.0526315789473684,18568.1736852061,0.23533538339617968,1.3077628783732633
11649.468422414735,0.09759759759759756,1.108153078202995,16029.168155102525,0.2177990231878483,1.278443813859048
5421.753651839681,0.05,1.0526315789473684,15567.506692123134,0.21999598031099346,1.2820446751014276
1841.2781479600817,0.05,1.0526315789473684,15535.205656378064,0.2014360566879235,1.2522478736673976
12844.54431831371,0.16515973477998794,1.1978339350180505,18129.10409130063,0.2435166210284668,1.321906108974313
417.75051640579477,0.05,1.0526315789473684,17397.545973957982,0.19406013808315836,1.2407873679577122
5354.699679275509,0.10930442637759713,1.1227180527383367,18232.798770773225,0.2253914380294726,1.2909746278250516
5790.271452571265,0.05,1.0526315789473684,19682.80916320393,0.2151098684312641,1.274063667995584
6940.037623361684,0.05,1.0526315789473684,18210.563258932903,0.2165298456064888,1.276372806790714
5084.102818005253,0.05762814680012132,1.0611522368844544,14282.690451818053,0.18293580992201133,1.2238940491377428
6677.845191091299,0.0716651610960554,1.0771975348686345,15476.158468397334,0.21200256833053666,1.2690396691793586
7394.017488885205,0.05,1.0526315789473684,22093.678766582627,0.25799089874603703,1.347692364298556
10991.366990686394,0.10193587416817908,1.113506231054227,16874.802713918965,0.21327114221819446,1.2710859530684
13071.310457457323,0.16169828364950317,1.1928879310344827,18668.70562344417,0.21533137365587818,1.2744233252438504
5663.143771240488,0.05,1.0526315789473684,24721.98715154035,0.27765792513687704,1.3843856460797892
10095.102342672646,0.09635651912074678,1.1066311229590136,19378.866949492134,0.24434679656076377,1.3233583811312621
15186.692971377634,0.19655797101449277,1.2446448703494928,21498.215664860327,0.24221973284216855,1.3196437586724843
14038.52983482834,0.17401740174017402,1.2106792589901925,18337.97892447468,0.2300393869691607,1.2987677331488994
3851.9028751896694,0.05,1.0526315789473684,19768.469692692626,0.22676843172341096,1.293273633704379
7915.682897962164,0.10980746089049337,1.1233524839472795,21324.166251933202,0.22924467160321638,1.2974285913534438
1762.4307285603136,0.05580693815987935,1.0591054313099042,18746.031026047654,0.21569209692505595,1.2750094651340593
4309.327314096969,0.05,1.0526315789473684,19702.9485556297,0.22938289765830847,1.2976613119035088
4201.599521086086,0.05,1.0526315789473684,22958.464665568434,0.2510599478785988,1.335220351972714
7574.122059702408,0.13224637681159418,1.152400835073069,20511.48221986089,0.2517042995461583,1.336370099939769
8955.171501958277,0.0839350180505415,1.0916256157635467,20104.117547909264,0.2363004977219845,1.3094155450110037
9975.100581850857,0.13828502415458938,1.1604765241765944,21852.218396654353,0.23896511391657957,1.3140002098279442
6192.497855150141,0.05601217656012177,1.0593356981618833,18749.43418325158,0.22094999985695218,1.2836146586437094
1581.7249247706495,0.05,1.0526315789473684,18870.615731216036,0.22338779060637806,1.2876439333612835
4069.8956980835646,0.05,1.0526315789473684,19650.180639684666,0.25630378159178,1.3446350475471869
4685.448047418613,0.05,1.0526315789473684,17658.01003485825,0.20209432241782666,1.2532809680339863
12050.502168893814,0.1606170598911071,1.1913513513513514,23710.25537320273,0.2631260085417982,1.3570841305188386
4031.117791697383,0.06708784596871238,1.071912286359239,14063.28578933375,0.20658970997024162,1.2603819392895612
2051.244591570925,0.0641727493917275,1.0685732856678583,23519.33734265063,0.2447927306600015,1.324139796580526
7707.127499178518,0.09298085688240655,1.1025125628140704,19535.460109020118,0.22840709963045538,1.2960202193683517
7433.031067821197,0.05,1.0526315789473684,18623.26168553345,0.23228425578877218,1.3025654450104152
5970.078778372146,0.05,1.0526315789473684,23590.33809243329,0.26521681695610816,1.3609456817689112
6410.265143561643,0.1752450980392157,1.2124814264487371,21252.65005057864,0.22410863191300687,1.2888402180134575
4694.043216292281,0.05,1.0526315789473684,18343.972321575042,0.21244220824079488,1.2697480876498632
3889.2808938976377,0.06968325791855204,1.0749027237354085,15730.770742952358,0.2126509855379107,1.2700847802333153
17852.25296424376,0.15893236275401879,1.1889650198341146,23096.79837670084,0.255292249690172,1.3428086381321536
3265.85843776213,0.05,1.0526315789473684,20450.92154876981,0.2555505341220042,1.3432745214218276
2950.3253183024935,0.05,1.0526315789473684,15392.127861164045,0.19935418766910573,1.2489917321727224
2879.8885189695284,0.05,1.0526315789473684,20282.813377859537,0.24566446135197137,1.325670008590962
3291.0987918111496,0.05,1.0526315789473684,18033.596655081026,0.211519275606623,1.268261821833827
1094.4775020643137,0.05,1.0526315789473684,20978.086181184277,0.23038631293135015,1.2993531908311806
5017.787106349599,0.05,1.0526315789473684,24011.714649833273,0.2859413148210564,1.4004451185260764
16006.383764733095,0.1594594594594594,1.1897106109324758,19113.85664688656,0.2335760271259928,1.3047608574273948
-1054.9767167726532,0.05,1.0526315789473684,22471.377831300255,0.2596645029646692,1.350738960923114
6178.302451858763,0.055906221821460766,1.0592168099331423,19243.82265943382,0.23583343495872844,1.308615223103868
12276.823613003362,0.10929458068422648,1.1227056424201225,19009.828278776724,0.24062500122318384,1.316872430104727
7084.392291590571,0.05,1.0526315789473684,16161.029540817253,0.18465863409801433,1.2264801490768624
7919.761001554318,0.07738632941884975,1.0838772845953002,21960.01197179919,0.26216685257178574,1.3553199710335495
2889.205697020516,0.05,1.0526315789473684,17594.803156543523,0.21042734057290788,1.266507886336379
6338.251356272027,0.10492700729927007,1.1172273190621815,17363.8324194951,0.2137623166647252,1.271880019484605
6163.919078534935,0.09476534296028881,1.1046859421734796,19043.565855242312,0.23532070089582827,1.3077377682010072
4403.342683810275,0.06896551724137932,1.0740740740740742,23463.102667329367,0.24801027306094825,1.3298054004945858
5320.885660296306,0.05,1.0526315789473684,21535.28918946581,0.25999452491242453,1.3513413530915506
3461.6189318518154,0.07373828951344817,1.0796084828711257,21781.88511842722,0.23379712654277893,1.3051373658882948
4098.161109279841,0.07306763285024155,1.078827361563518,24867.141084165312,0.2599168835622024,1.351199585275295
11224.247566177975,0.1348991267690455,1.1559345631743823,16822.9674933427,0.2092249566775717,1.26458214437132
4166.928153668065,0.05394816154309825,1.057024530105129,19031.564187860582,0.23418029926247422,1.3057903825625612
4573.54667494772,0.05,1.0526315789473684,19618.18635291839,0.22912355711895308,1.297224748836058
8561.478832448833,0.07192505288606832,1.0774991859329208,22646.605438460596,0.25656451698404087,1.345106633790485
8400.868696835823,0.10910186859553948,1.1224627875507442,21756.304081532173,0.2401334864943124,1.3160206197091682
12791.864037723746,0.16044889293296935,1.1911127167630058,21377.627879108302,0.25232830660498984,1.3374854348961953
2300.8036854108796,0.05,1.0526315789473684,19320.824139723554,0.2228242902962602,1.28671031211359
35.868684445507824,0.05,1.0526315789473684,19232.343671056908,0.23029128044163838,1.2991927655097546
18160.289850176778,0.21668177697189486,1.2766203703703705,19055.58463180298,0.22706329301996667,1.2937669940752758
5104.11354908254,0.10578661844484628,1.1183013144590495,12900.9175640475,0.19999923241263584,1.2499988006458942
3782.197613415774,0.09319975713418337,1.1027787077335118,21963.36928529851,0.26744224864870036,1.3650800884372158
8572.691444008145,0.11221419975932612,1.1263978312436462,21030.33880530903,0.2419168015653991,1.3191164268842044
5409.2393503328785,0.11141222523336347,1.1253812267028127,19831.23338414682,0.22530248470060968,1.2908263938519786
2892.8177616521716,0.05,1.0526315789473684,18879.52407884365,0.21575472235966375,1.2751112802474678
2490.0859098052606,0.06454545454545453,1.0689990281827018,18676.458494981285,0.24762741440790423,1.3291287045141718
19866.917524193414,0.19879336349924584,1.248117469879518,15567.659987142775,0.2197287447451259,1.2816055868588314
725.545944636222,0.05,1.0526315789473684,17062.31901738979,0.2162908286941686,1.2759835365123782
21065.96390392445,0.2086330935251799,1.2636363636363637,19205.056796146557,0.2059824125730101,1.2594179472025238
1066.2732497486286,0.05,1.0526315789473684,21968.982634535525,0.23836577398543415,1.3129662058817135
9422.26587837562,0.1457955232909861,1.1706798866855523,21911.1582500129,0.2688395091053312,1.3676887803064572
4252.418226934969,0.0644966847498493,1.0689432989690721,20830.839327011723,0.2551673141413892,1.342583400253499
3574.1105977301486,0.05,1.0526315789473684,22618.925847468432,0.2569200313352799,1.3457501778670649
3687.7094857916236,0.05,1.0526315789473684,17152.630727383308,0.209962777951093,1.2657631464585541
19064.884352481924,0.20331825037707388,1.2552063612268078,16042.206750698853,0.17277645098791605,1.2088630711665005
7269.67192559829,0.09398609851919011,1.1037358238825885,17387.06582190888,0.24294320181327553,1.3209048546887954
5329.336916133296,0.05,1.0526315789473684,20069.02433233522,0.2252775156364739,1.2907847909197456
4480.688236098271,0.0784313725490196,1.0851063829787233,21000.52863801783,0.24436637081357604,1.3233926619659326
4539.9619503193535,0.05,1.0526315789473684,18047.105308556464,0.21042158835816457,1.2664986596082557
14053.26543175755,0.14496684749849306,1.1695452943249913,24710.69539769413,0.27119525317670307,1.3721096142125648
2443.5695311953314,0.06690777576853527,1.071705426356589,19211.31283913413,0.24917884478481067,1.3318750984225993
3526.100028931629,0.05,1.0526315789473684,17558.849939556327,0.20379496524506377,1.2559578957043267
6811.109674958978,0.05,1.0526315789473684,17598.34383698553,0.23333524432933495,1.3043510773169915
4310.640208770521,0.05,1.0526315789473684,18997.58280452201,0.21064106011448283,1.2668507943230904
3996.212103424128,0.05263157894736842,1.0555555555555556,17899.196144724265,0.2124966636252746,1.2698358899703255
4238.837861167267,0.050724637681159424,1.0534351145038168,17448.04992906982,0.22195570364040582,1.285273865098579
4045.44264428271,0.10810810810810807,1.1212121212121213,22123.57575820107,0.2642823483875569,1.359217082542929
5530.274266327266,0.06093514328808447,1.0648891744298106,24203.15302334493,0.24047324554535746,1.3166093151228395
9463.291603286285,0.12669683257918551,1.145077720207254,20537.086176077835,0.24288909618340052,1.3208104584929308
1377.1799944369122,0.05,1.0526315789473684,17490.086294516455,0.21832202179351515,1.2792991844217518
2709.06615877524,0.07175295186194369,1.0772994129158513,18626.57899488462,0.22943184848976117,1.2977437466628967
-24.799106415361166,0.05199879771565976,1.054850982878884,17826.3447021991,0.22753631161457957,1.2945592330562086
3889.206007423345,0.05,1.0526315789473684,19361.40447424585,0.23346508543725128,1.304572017532203
9188.592986719217,0.17151515151515148,1.207022677395757,21100.668413275853,0.22968356478570096,1.2981678103775676
488.85610870970413,0.05,1.0526315789473684,20645.188150285743,0.2240401731119873,1.288726510508283
2628.0636410508305,0.05,1.0526315789473684,19006.827944708057,0.2152628254297785,1.2743120020377166
13419.315838563256,0.16152450090744105,1.1926406926406927,21670.397411104757,0.2626350487287795,1.3561805429943417
4432.959623426665,0.05,1.0526315789473684,15336.498768080026,0.18130770421875844,1.2214601324002257
2899.106006585993,0.05,1.0526315789473684,24271.314966626,0.2631341762722243,1.3570991730095971
10012.736366212368,0.13886384129846707,1.1612565445026177,15900.331725714728,0.22315261016572263,1.287254115912428
4561.43176040845,0.05,1.0526315789473684,24235.217749366537,0.2790811610662342,1.387118696300118
5446.615631888155,0.08167570825798676,1.0889399409255005,15514.606217367109,0.21695858454817932,1.2770716596426672
13346.752482018434,0.12745988495307298,1.1460791117279667,23909.13387032831,0.2269224888058178,1.2935313542561702
6736.096200211905,0.12708522899605704,1.145587213342599,22417.67115724832,0.2534013051252496,1.3394076454523676
10933.13082875777,0.14888487040385776,1.174929178470255,21501.902552357875,0.23518951230743726,1.3075134508380046
1338.1937719299458,0.05,1.0526315789473684,20016.064843467437,0.23977650397532338,1.315402648338483
5656.37554083718,0.07736476276820795,1.0838519489027187,16467.145671995357,0.19966433840913397,1.249475748728042
9954.738745475654,0.17713072490142553,1.2152598599336528,24485.377760141622,0.24004437306345536,1.3158663013406424
7477.42613073159,0.05028605841613972,1.0529486366518708,19717.692866924684,0.25622867509914954,1.3444992654608008
13136.171902406495,0.13393393393393394,1.154646324549237,19499.622805824503,0.21236381848152422,1.2696217155389056
4527.279068781063,0.06810681068106811,1.0730843528654217,23516.761740610935,0.2584850273109718,1.3485904355694966
8877.387991870753,0.08957018334836188,1.098382304390888,16996.536524808966,0.23213289390012234,1.302308683437637
8865.165432750247,0.08862673926194797,1.0972452704945237,20483.550766819622,0.2506527808220011,1.3344948435212134
7510.086655082647,0.0867208672086721,1.0949554896142433,18492.047932385933,0.2429315604974985,1.320884543354017
3673.285798621364,0.10880048221820375,1.1220831924247547,22761.67242048448,0.24757903598600853,1.3290432455061216
15399.878057982773,0.19641772920461445,1.2444276539478654,22707.307881590445,0.23330950557833083,1.3043072886332328
8273.477712398395,0.06498194945848375,1.0694980694980696,19573.84005496418,0.26480307562861427,1.360179792448164
9608.900840048678,0.12121212121212123,1.1379310344827587,20163.779117953032,0.26036893496157004,1.3520254181698572
9272.706716916058,0.123234144875263,1.1405553651011313,23408.54334865883,0.24466785669944469,1.3239208854932691
2532.452211624477,0.05,1.0526315789473684,22890.949586348608,0.2522387794024199,1.3373253017866331
868.0001057409681,0.05,1.0526315789473684,18492.78289865004,0.2449336251670973,1.3243868795260567
12478.574350555427,0.15693430656934307,1.1861471861471862,21258.577360239346,0.22934724539925863,1.29760127895485
3533.215268301312,0.059426847662141784,1.063181526619628,23409.43514678022,0.23388097653892484,1.3052802102241594
4283.991279483773,0.07811080835603999,1.084729064039409,20248.57300449256,0.2484603690182711,1.3306018189535922
4710.651991037186,0.08490849084908492,1.0927868852459017,17454.473421285395,0.22224099623726892,1.2857453210597192
3533.648804093711,0.05,1.0526315789473684,19676.16985675413,0.22018642963750132,1.2823577814055571
5992.073985612951,0.08890898131404461,1.0975851802844856,20783.974873849656,0.24376379507072551,1.3223381709072275
2655.718840986956,0.05,1.0526315789473684,18406.185242270585,0.25033666751688555,1.333932122153679
9767.078452846501,0.137753557372086,1.1597612359550562,17639.739129673224,0.21223095287788607,1.2694075803729663
11084.73054267047,0.15944645006016847,1.1896921975662134,16208.416595947929,0.19766800865271594,1.246366854100869
5517.64027934568,0.08939393939393936,1.098169717138103,20861.258167078253,0.22374710729436476,1.2882399658627905
7627.844937517773,0.11121157323688972,1.1251271617497456,22114.454305340536,0.2516607201586956,1.336292276695757
2174.3201791769825,0.05,1.0526315789473684,20514.896263282746,0.24304764107036703,1.3210871043642007
14920.163400273304,0.15848484848484848,1.1883327331652862,18737.44983441243,0.23714459289846004,1.3108644058767154
8550.616857502144,0.11532670882264379,1.130360789652825,21281.473992428277,0.23848386125967633,1.313169805769539
9712.916597640608,0.10003022061045634,1.1111484217595702,20637.916836946737,0.23372588622803303,1.3050160275903393
4792.504635114688,0.09566787003610107,1.1057884231536927,18829.654737947043,0.20184131330060226,1.252883689251408
6032.958775741048,0.05,1.0526315789473684,25971.078997636214,0.2812035697740155,1.3912144773529371
2167.3355773296207,0.058841370943281755,1.0625201417982597,17928.8497617892,0.22494584213171542,1.2902324177582742
11053.088674784172,0.14515151515151511,1.1697979439914923,15228.374371838756,0.19762536224106844,1.2463006093924465
3913.0605311756954,0.06966966966966966,1.0748870238863784,21927.00034808833,0.25238934985947625,1.3375946420934963
3320.8650491577573,0.06104563312178907,1.0650144834245252,21650.11552869389,0.26768799290431305,1.365538172678542
7187.6049721161835,0.0710382513661202,1.076470588235294,21137.394642425235,0.25454058609429053,1.3414546537961978
7425.322535394225,0.13134057971014493,1.1511991657977059,20927.64170225663,0.2296382516081814,1.2980914513052686
4283.8846512590535,0.05,1.0526315789473684,22430.962301200256,0.27976262761382403,1.388431145536032
10774.36585879419,0.10507246376811595,1.1174089068825912,21204.709881702904,0.24757074751079658,1.3290286052699007
6185.371737841982,0.08280447265034756,1.0902800658978582,24826.166808830574,0.2210261472639896,1.2837401364470369
3305.1239400235936,0.05,1.0526315789473684,23000.374962653965,0.2513208368079692,1.3356856303258797
23848.324976291973,0.22101776573321294,1.283726323927329,13991.736080575269,0.1859191606838747,1.2283792366861963
7528.488995035645,0.10275007555152615,1.114516672280229,17990.905659179203,0.2105038488819072,1.2666306207874345
13236.794439358171,0.1481815449353772,1.1739590684544812,20111.239543477073,0.22326967919977267,1.287448131250688
5586.470758189447,0.06534176452875641,1.069909793814433,16164.384605994448,0.2075951410491043,1.2619811561023866
4211.012955866288,0.05,1.0526315789473684,21716.85390200233,0.24337999734888086,1.321667410980548
8002.952236563433,0.1456456456456456,1.1704745166959578,17868.985964872874,0.21111903866163817,1.267618372109612
4702.86780963419,0.05,1.0526315789473684,21255.550089950673,0.23881660511282052,1.3137438450666903
8645.215647827834,0.05,1.0526315789473684,22975.96672519343,0.24445671740125255,1.323550911021835
3192.373076551594,0.05,1.0526315789473684,21626.454231563956,0.26529977523275833,1.3610993522110426
6390.5927920062095,0.08029197080291971,1.0873015873015872,20343.97898400249,0.23981664001153327,1.315472098751506
9241.955240101553,0.11620245582509735,1.1314808539478143,21405.234491280746,0.2393971464988884,1.314746579501938
3460.965784627013,0.05,1.0526315789473684,20675.225003556814,0.2568215245370697,1.3455718014129703
4370.164647874888,0.05,1.0526315789473684,21666.438137303572,0.23427467321226855,1.305951318333777
6849.277662019245,0.11211031175059953,1.12626603646185,21348.317638812587,0.2515281249785848,1.336055546471119
3609.2273966120556,0.05,1.0526315789473684,15191.36068965029,0.21136349041954602,1.2680112927208875
3307.059394310694,0.05,1.0526315789473684,15637.291108949576,0.21323286320145843,1.271024110220377
3420.989367873408,0.05,1.0526315789473684,22251.008529124316,0.2491758820650629,1.3318698429006184
1850.0922604049556,0.05,1.0526315789473684,19074.257492477074,0.2365996163230297,1.3099286054631405
4390.163677670993,0.08212121212121211,1.0894684714427203,20039.801650899928,0.24713053639898233,1.3282515075282013
15198.283607172314,0.1475459199036435,1.173083716001413,18138.50114080403,0.2147162019539293,1.2734249738606378
15219.885263548698,0.14865273993339392,1.1746088193456614,19871.84591928823,0.24389586597110569,1.3225691475478498
6978.189687018283,0.08826205641492264,1.096806387225549,16368.649405008182,0.21245976987250248,1.2697764022012015
10499.404663341586,0.12983091787439616,1.1492019430950728,12609.697481341194,0.1834358195253812,1.2246434804656277
4935.51733586099,0.05,1.0526315789473684,19167.393209089525,0.23038230481224287,1.2993464238839239
18668.788069218397,0.2163954189270645,1.2761538461538462,17485.128319744952,0.20874534535189518,1.263815630183851
11898.142477749847,0.14862385321100915,1.1745689655172413,18667.41724327067,0.21902308229464662,1.2804475744791213
5970.61925172247,0.09600960096009603,1.10620643876535,23217.08781184815,0.27157860987548355,1.3728317338801101
6564.074687920045,0.08589511754068717,1.0939663699307616,19679.458986712154,0.23497251923668697,1.3071425865672708
11732.61662090756,0.12291855888586138,1.1401449775629962,18055.766648415476,0.23807137982462578,1.3124589016879673
5434.830529421102,0.05945945945945944,1.0632183908045976,19166.219849911984,0.22916879774272558,1.2973008838661901
5558.0472506200895,0.05,1.0526315789473684,26551.12635739753,0.2589312437291874,1.3494024563013216
3928.226583772339,0.05,1.0526315789473684,21051.081308313645,0.2599623722093975,1.3512826408374943
6245.598451718222,0.10489930868650436,1.1171927468099394,15353.88511028327,0.20837379012295487,1.2632224495893325
2107.3733460740186,0.05,1.0526315789473684,22522.943622676656,0.24286934243057046,1.3207759981747922
4076.12816016376,0.05242424242424242,1.0553245922609529,22191.409163918346,0.22886656093568458,1.2967924218321911
3872.570952623617,0.05,1.0526315789473684,20720.9610360926,0.2412296007072583,1.317921733546948
5081.878252760507,0.05,1.0526315789473684,16973.78505459288,0.19429994531304096,1.2411566738549284
5301.1472656344995,0.08183453237410072,1.089128305582762,26619.871930696536,0.30427531856924667,1.4373501856273179
5558.220974057913,0.05,1.0526315789473684,21828.752937939484,0.23910259954624638,1.3142376349343023
2737.330707063433,0.05,1.0526315789473684,20295.283823654056,0.25186524992106324,1.3366576006454567
6197.266781585757,0.05,1.0526315789473684,23714.453941691667,0.2485550174658228,1.3307694152505942
7373.515515314415,0.09115523465703973,1.1002979145978153,22668.473712968174,0.2539271283835534,1.3403516439800218
5645.047269847244,0.07913669064748204,1.0859375,19695.236923074815,0.23387227127889723,1.3052653787499642
3545.5912321074866,0.05,1.0526315789473684,19281.23142332537,0.2369573669750934,1.3105427622513444
5724.127624683548,0.10496067755595888,1.117269347752619,23436.424007573165,0.2686245900025612,1.3672868766581883
9110.221220818814,0.12258454106280194,1.1397109428768066,19551.41350869974,0.21470200161588346,1.2734019468503284
12273.769722910132,0.1333333333333333,1.1538461538461537,13884.090412575286,0.20350530179804882,1.2555011379955854
5180.773574734572,0.06088004822182038,1.0648267008985879,17782.279847953934,0.2031399826890972,1.2549255556510626
12882.753550390713,0.13707729468599034,1.1588523442967111,18588.01853163028,0.22069248585664933,1.2831905016330354
3680.689089251682,0.05,1.0526315789473684,26858.688128881156,0.2856000752718833,1.399776183319974
3007.7568717557006,0.05,1.0526315789473684,19514.84550700104,0.22911836928368112,1.297216018846862
5568.785504965112,0.07521058965102285,1.081327260897853,26328.488578684162,0.25902123342436384,1.349566337266864
9730.810441173147,0.12021857923497266,1.1366459627329193,18970.41766853165,0.25135871691029205,1.3357532139730695
2335.7912480169907,0.05,1.0526315789473684,26379.69170002872,0.26522093354381776,1.3609533064448482
1263.1053322581574,0.05,1.0526315789473684,20488.782954303082,0.25289603215081297,1.3385017922992257
-122.63731100782752,0.0708070807080708,1.0762027768808524,22402.952452280093,0.260747825689172,1.3527183750690428
3413.4562180577777,0.06148282097649186,1.0655105973025047,16941.953306927346,0.2134875833134802,1.2714357444131361
2475.5482645304874,0.05,1.0526315789473684,18907.951524044853,0.21795641338284558,1.2787011070900132
14689.321091680788,0.18953068592057762,1.2338530066815145,14776.084010699298,0.22025169451478924,1.2824651146599595
4174.437555003446,0.08363417569193743,1.0912672357189757,14590.44536936935,0.2203213102143292,1.2825796229917408
4856.751981233712,0.09731036566938654,1.10780046869769,21078.812668627594,0.24710379711761735,1.3282043343712013
17090.40259233862,0.1725919173503494,1.2085934630921777,15175.722191064153,0.22220720759712387,1.285689466098866
10268.138239943422,0.13636363636363633,1.1578947368421053,17962.444793927018,0.21453329934232804,1.2731284460088494
13599.454029510263,0.1462895377128954,1.1713573209832562,19912.352894763928,0.2425498597107517,1.3202189118588439
5990.811031002086,0.07370336669699727,1.0795677799607073,20124.984665733762,0.23549394002699464,1.3080341050995854
8240.021891321521,0.06968325791855204,1.0749027237354085,14755.608021694701,0.18500061113105995,1.2269947850976977
11799.510595497675,0.138189448441247,1.1603478260869566,25176.56500136759,0.2914057963910221,1.411244962076811
5039.597776678391,0.07028657616892911,1.0756002595717067,19653.80235562101,0.24609884798886505,1.3264338399435556
4961.341697171796,0.05,1.0526315789473684,16822.30511919735,0.20193526955754862,1.2530311913992171
3969.9500804198906,0.05,1.0526315789473684,17828.72522765724,0.22932176344982913,1.2975583746549724
1637.8023683526553,0.05,1.0526315789473684,28675.35551583767,0.27950412354801174,1.387932995431428
3152.7776364185847,0.07731648616125149,1.0837952396478643,20769.986284362152,0.24952126053986431,1.3324827838818725
3405.3582515902817,0.07851985559566786,1.0852105778648384,15004.865797935054,0.19330636092345907,1.2396279722060852
14246.272861645557,0.13441344134413444,1.1552859618717506,19113.538281274028,0.24143799012845735,1.318283788255285
295.75235807104036,0.05,1.0526315789473684,16060.128855726682,0.20319927677710914,1.2550189411917334
8240.41884610802,0.0949367088607595,1.104895104895105,19577.832961969078,0.23184626703186062,1.3018227433927954
12965.047361094505,0.1573405535499398,1.1867190289182434,20869.867825849447,0.2533821988819314,1.3393733694836751
5960.887312585954,0.08272946859903382,1.0901909150757076,20013.029788752552,0.2258672736258591,1.2917681502547622
4692.185148691293,0.05,1.0526315789473684,17462.579232495744,0.2302702494146894,1.299157268170536
17445.307354292367,0.24758454106280192,1.3290529695024076,19151.157726467587,0.2499191308703771,1.3331895814918966
6652.822898407932,0.08806732792305381,1.0965721819380356,20476.5385835059,0.24571366243298406,1.3257564802586037
4853.081213037483,0.05,1.0526315789473684,19816.539578706957,0.23570858324282987,1.3084014527376524
1402.3980813310482,0.0692051979449985,1.0743506493506494,23576.86817894643,0.23456384972154512,1.3064446977533188
9014.61055016378,0.1191335740072202,1.1352459016393444,17383.440468010027,0.22355056973920126,1.2879138821238025
2329.920309558045,0.05,1.0526315789473684,22852.05456625903,0.2585752578762,1.3487545575232829
9051.503889980726,0.10809996988858779,1.1212018906144499,19130.62965671858,0.23822184383409603,1.3127181344147323
15755.590657486115,0.1780986762936221,1.2166910688140555,18036.362658954225,0.23644574041842994,1.3096646210159353
8056.678203918971,0.08604091456077013,1.0941408821593153,22498.924542366527,0.25779862414178056,1.347343231267503
6234.631020385306,0.062085593731163354,1.0661953727506428,18775.00817027036,0.23047262387109105,1.2994989275501525
2396.519974395167,0.05,1.0526315789473684,23271.3875249438,0.26715271739768587,1.364540776420752
3976.063103830442,0.05,1.0526315789473684,25927.239693971816,0.28477286852311345,1.3981572510190998
5902.911523722112,0.07577118897873615,1.0819831497083603,21100.858125817496,0.2465216215725444,1.3271780964532074
16689.07999083167,0.13490623109497882,1.155944055944056,16955.59382182639,0.23153979819477533,1.301303564779093
16897.699714242015,0.2035024154589372,1.2554965883244882,16328.741777603049,0.21014582732670115,1.2660564881431882
5987.355665883981,0.057315233785822005,1.0608,23469.020562140737,0.25276283563493346,1.3382632016833744
9168.67253315961,0.12055455093429777,1.1370801919122686,19360.241726154927,0.24185542782888333,1.3190096410454752
4991.382625083905,0.05,1.0526315789473684,18753.089081074577,0.22254035751733658,1.2862403980310773
4061.4040135079995,0.05,1.0526315789473684,22698.217482483946,0.27957710956831955,1.3880736068794202
15730.463833085727,0.17103282143932552,1.2063203777697058,17896.319334136788,0.22039971721224705,1.282708616297733
4623.872554975562,0.05,1.0526315789473684,20218.532842847984,0.21867654782611465,1.2798796672718429
1529.2308304002509,0.05,1.0526315789473684,15088.481998767238,0.16328857287159795,1.1951551844248203
5394.427056333516,0.06594399277326107,1.0705996131528046,20982.763917865697,0.2407142195589794,1.317027166529003
11385.42971883202,0.13621362136213622,1.157693643626259,16686.92004674673,0.19033646722421504,1.235080943526851
5627.05568209663,0.10060606060606059,1.1118598382749325,19190.4282601648,0.2446811876364099,1.323944251925539
4400.381970277522,0.05091344713986224,1.0536446828652573,16783.57024399424,0.21015856581334935,1.2660769069804028
3465.4304787553847,0.08219593569912041,1.08955717118308,22251.357435686048,0.2690815763866782,1.3681417346910802
5293.871261521243,0.09234029669996975,1.1017344896597732,17492.96470947517,0.21012799284598685,1.2660279019167913
3293.996827614028,0.056558363417569195,1.0599489795918366,18769.08239367092,0.23863965790448974,1.3134385188065825
5140.308464307338,0.1042611060743427,1.1163967611336032,17269.985332319047,0.20526083566058562,1.2582744689966274
5416.583635952789,0.05,1.0526315789473684,20253.085310406517,0.20471145676241906,1.257405263162787
4163.024842192419,0.08446455505279034,1.0922570016474464,19547.412326473743,0.2324523208573742,1.3028506595408256
3632.097761299927,0.06811989100817441,1.0730994152046784,21676.453002197668,0.2507023512893236,1.3345831282411063
4489.500336758792,0.05,1.0526315789473684,16140.916871594265,0.21317211698944316,1.2709259821522911
3554.2229835209437,0.0665456745311555,1.0712896953985742,19759.57331325952,0.23390017871689525,1.3053129268783106
6861.441149645485,0.05,1.0526315789473684,19446.368616623804,0.22928278108611688,1.2974927450164262
3500.37095660856,0.05,1.0526315789473684,21410.685838109814,0.24086852154004876,1.3172948670613664
7830.799498198088,0.07734303912647862,1.0838264299802762,23041.779432162642,0.255537054375798,1.3432501991909624
7587.104220123496,0.11681681681681678,1.1322679360761645,16840.50873567909,0.22423336784843564,1.2890474513276389
8635.896884109825,0.10628019323671499,1.118918918918919,19533.125689108856,0.22977136606148182,1.2983157934372807
9334.796908992808,0.12556869881710647,1.1436004162330906,20103.579509176314,0.2180805541727956,1.2789041190068944
2240.382711301092,0.05,1.0526315789473684,20046.057573361322,0.23209400131212152,1.3022427246416888
14255.309192999266,0.1870066788099575,1.2300224047796864,21284.28329257667,0.2571582194435543,1.346181685218248
4623.469138025772,0.10561056105610561,1.118081180811808,18090.118350212462,0.21559931119897902,1.274858645940927
1869.2881598952226,0.0510970844604749,1.0538485904339563,20386.887189184316,0.24632033751426666,1.3268236490578373
497.29400058975443,0.05,1.0526315789473684,25068.24222882092,0.28129232375926844,1.3913862799275978
3829.9971421612427,0.056461352657004825,1.05984,22102.40104302019,0.24826782389475396,1.3302610048981
6368.501674234401,0.10063463281958297,1.1118951612903225,20798.167450852692,0.21708551751607438,1.2772787097095646
3804.491552710999,0.05,1.0526315789473684,24682.123294778634,0.25467939387082084,1.341704484991362
16172.976290415507,0.2113014727983168,1.2679115853658536,21276.983390520792,0.25778949558047304,1.3473266600855869
2874.2372208954766,0.050059952038369306,1.0526980119911644,20675.711780523416,0.240972663749746,1.31747560626762
1536.5670200106688,0.05,1.0526315789473684,16839.543840194587,0.2243465837727422,1.2892356032723398
4257.182633585297,0.09252561784207354,1.1019594818997012,21456.93756238604,0.24625431095381808,1.326707422055624
10743.993067849427,0.1324283559577677,1.1526425591098748,27063.72695594607,0.2745681143487717,1.3784891728356947
4723.617316625547,0.05,1.0526315789473684,24655.56493844278,0.2807942133484511,1.3904226280711147
6949.940320435911,0.09057639524245194,1.0995975855130784,16158.694536756724,0.22168715914468826,1.2848304017457421
5410.37587622134,0.06909090909090908,1.07421875,23668.865764810238,0.26522643035777455,1.360963487686306
1426.55978276534,0.05,1.0526315789473684,19754.05289207725,0.24676887199571,1.3276137467254334
8432.582182012964,0.12293357379020138,1.1401644962302948,17078.086113647092,0.21246952316142206,1.2697921279368753
10146.690385228489,0.1019607843137255,1.1135371179039302,17508.792820984498,0.2162227937655686,1.2758727761481945
6769.20470752148,0.05,1.0526315789473684,20728.6743693389,0.22456896881319918,1.2896053417793911
8565.712869362906,0.10303030303030299,1.114864864864865,18115.788286139723,0.21787024826453294,1.2785602360491988
7277.972166320309,0.05,1.0526315789473684,25212.300695061218,0.25032568179300435,1.3339125747187273
6978.773097372614,0.06744956338452274,1.0723280594123346,15983.338862656616,0.2154220777563667,1.2745706597763173
3298.389156558551,0.05,1.0526315789473684,17616.56275729835,0.2257387972031805,1.291553801724479
1748.7862697974779,0.05,1.0526315789473684,18728.51225023158,0.23731527916237094,1.3111577729021975
1027.012995899655,0.05,1.0526315789473684,16709.387490708847,0.20992543937380695,1.265703327047292
